,res_type,state_ab,zip_code,median
17,mex/tex-mex,CA,90255.0,27107.0
26,mex/tex-mex,CA,90255.0,27107.0
31,mex/tex-mex,CA,90255.0,27107.0
32,mex/tex-mex,CA,90001.0,30036.0
33,mex/tex-mex,CA,90037.0,24958.0
37,mex/tex-mex,CA,90001.0,30036.0
39,mex/tex-mex,CA,90255.0,27107.0
44,mex/tex-mex,CA,90011.0,25700.0
48,mex/tex-mex,CA,90255.0,27107.0
57,mex/tex-mex,CA,90059.0,12486.0
58,mex/tex-mex,CA,90003.0,34678.0
77,mex/tex-mex,CA,90262.0,41431.0
79,mex/tex-mex,CA,90262.0,41431.0
89,mex/tex-mex,CA,90044.0,27101.0
143,mex/tex-mex,CA,90036.0,300000.0
163,mex/tex-mex,CA,90036.0,300000.0
191,mex/tex-mex,CA,90015.0,36291.0
196,mex/tex-mex,CA,90011.0,25700.0
205,mex/tex-mex,CA,90015.0,36291.0
210,mex/tex-mex,CA,90006.0,28469.0
215,mex/tex-mex,CA,90016.0,25753.0
217,mex/tex-mex,CA,90008.0,70607.0
239,mex/tex-mex,CA,90043.0,31219.0
255,mex/tex-mex,CA,90034.0,300000.0
266,mex/tex-mex,CA,90011.0,25700.0
268,mex/tex-mex,CA,90011.0,25700.0
269,mex/tex-mex,CA,90011.0,25700.0
274,mex/tex-mex,CA,90011.0,25700.0
276,mex/tex-mex,CA,90026.0,93139.0
286,mex/tex-mex,CA,90012.0,15956.0
287,mex/tex-mex,CA,90065.0,300000.0
289,mex/tex-mex,CA,90026.0,93139.0
295,mex/tex-mex,CA,90033.0,300000.0
297,mex/tex-mex,CA,90031.0,27902.0
316,mex/tex-mex,CA,90015.0,36291.0
325,mex/tex-mex,CA,90048.0,62610.0
335,mex/tex-mex,CA,90034.0,300000.0
339,mex/tex-mex,CA,90019.0,42865.0
341,mex/tex-mex,CA,90212.0,89224.0
342,mex/tex-mex,CA,90019.0,42865.0
343,mex/tex-mex,CA,90034.0,300000.0
344,mex/tex-mex,CA,90016.0,25753.0
349,mex/tex-mex,CA,90031.0,27902.0
354,mex/tex-mex,CA,90006.0,28469.0
376,mex/tex-mex,CA,90602.0,48157.0
377,mex/tex-mex,CA,90022.0,44387.0
387,mex/tex-mex,CA,90022.0,44387.0
401,mex/tex-mex,CA,90032.0,38818.0
402,mex/tex-mex,CA,90640.0,49628.0
403,mex/tex-mex,CA,90023.0,19354.0
404,mex/tex-mex,CA,91754.0,60854.0
405,mex/tex-mex,CA,90063.0,52980.0
410,mex/tex-mex,CA,90022.0,44387.0
411,mex/tex-mex,CA,90022.0,44387.0
419,mex/tex-mex,CA,90022.0,44387.0
422,mex/tex-mex,CA,90022.0,44387.0
431,mex/tex-mex,CA,90033.0,300000.0
433,mex/tex-mex,CA,90022.0,44387.0
436,mex/tex-mex,CA,90023.0,19354.0
438,mex/tex-mex,CA,90023.0,19354.0
445,mex/tex-mex,CA,90023.0,19354.0
450,mex/tex-mex,CA,90033.0,300000.0
456,mex/tex-mex,CA,90023.0,19354.0
460,mex/tex-mex,CA,90024.0,91139.0
463,mex/tex-mex,CA,90049.0,300000.0
464,mex/tex-mex,CA,90025.0,97041.0
471,mex/tex-mex,CA,90025.0,97041.0
472,mex/tex-mex,CA,90024.0,91139.0
474,mex/tex-mex,CA,90064.0,300000.0
490,mex/tex-mex,CA,90034.0,300000.0
493,mex/tex-mex,CA,90025.0,97041.0
505,mex/tex-mex,CA,90049.0,300000.0
514,mex/tex-mex,CA,90404.0,94342.0
519,mex/tex-mex,CA,90025.0,97041.0
520,mex/tex-mex,CA,90064.0,300000.0
521,mex/tex-mex,CA,90404.0,94342.0
532,mex/tex-mex,CA,90026.0,93139.0
534,mex/tex-mex,CA,90029.0,28797.0
537,mex/tex-mex,CA,90026.0,93139.0
543,mex/tex-mex,CA,90026.0,93139.0
544,mex/tex-mex,CA,90027.0,64881.0
545,mex/tex-mex,CA,90027.0,64881.0
550,mex/tex-mex,CA,91204.0,55120.0
552,mex/tex-mex,CA,91204.0,55120.0
555,mex/tex-mex,CA,91205.0,39268.0
556,mex/tex-mex,CA,90027.0,64881.0
561,mex/tex-mex,CA,91205.0,39268.0
563,mex/tex-mex,CA,90027.0,64881.0
566,mex/tex-mex,CA,90027.0,64881.0
568,mex/tex-mex,CA,90029.0,28797.0
572,mex/tex-mex,CA,90039.0,300000.0
578,mex/tex-mex,CA,90039.0,300000.0
583,mex/tex-mex,CA,91204.0,55120.0
591,mex/tex-mex,CA,90028.0,83180.0
595,mex/tex-mex,CA,90046.0,46897.0
600,mex/tex-mex,CA,90028.0,83180.0
606,mex/tex-mex,CA,90028.0,83180.0
611,mex/tex-mex,CA,90038.0,47458.0
616,mex/tex-mex,CA,90029.0,28797.0
618,mex/tex-mex,CA,90029.0,28797.0
623,mex/tex-mex,CA,90029.0,28797.0
624,mex/tex-mex,CA,90065.0,300000.0
626,mex/tex-mex,CA,90031.0,27902.0
634,mex/tex-mex,CA,90065.0,300000.0
635,mex/tex-mex,CA,90031.0,27902.0
636,mex/tex-mex,CA,90031.0,27902.0
640,mex/tex-mex,CA,90031.0,27902.0
643,mex/tex-mex,CA,90031.0,27902.0
645,mex/tex-mex,CA,90039.0,300000.0
646,mex/tex-mex,CA,90032.0,38818.0
655,mex/tex-mex,CA,91801.0,104023.0
656,mex/tex-mex,CA,91803.0,58614.0
658,mex/tex-mex,CA,90042.0,49009.0
659,mex/tex-mex,CA,91801.0,104023.0
662,mex/tex-mex,CA,90032.0,38818.0
663,mex/tex-mex,CA,91754.0,60854.0
664,mex/tex-mex,CA,90042.0,49009.0
665,mex/tex-mex,CA,90032.0,38818.0
670,mex/tex-mex,CA,91801.0,104023.0
672,mex/tex-mex,CA,90031.0,27902.0
682,mex/tex-mex,CA,90033.0,300000.0
684,mex/tex-mex,CA,90033.0,300000.0
691,mex/tex-mex,CA,90025.0,97041.0
695,mex/tex-mex,CA,90066.0,116703.0
701,mex/tex-mex,CA,90230.0,300000.0
702,mex/tex-mex,CA,90024.0,91139.0
703,mex/tex-mex,CA,90230.0,300000.0
717,mex/tex-mex,CA,90048.0,62610.0
718,mex/tex-mex,CA,90034.0,300000.0
731,mex/tex-mex,CA,90046.0,46897.0
738,mex/tex-mex,CA,90062.0,38509.0
739,mex/tex-mex,CA,90007.0,38672.0
742,mex/tex-mex,CA,90037.0,24958.0
748,mex/tex-mex,CA,90007.0,38672.0
751,mex/tex-mex,CA,90037.0,24958.0
755,mex/tex-mex,CA,90028.0,83180.0
756,mex/tex-mex,CA,90038.0,47458.0
766,mex/tex-mex,CA,91205.0,39268.0
768,mex/tex-mex,CA,90039.0,300000.0
770,mex/tex-mex,CA,90041.0,59408.0
773,mex/tex-mex,CA,91205.0,39268.0
775,mex/tex-mex,CA,91205.0,39268.0
778,mex/tex-mex,CA,90041.0,59408.0
779,mex/tex-mex,CA,90065.0,300000.0
781,mex/tex-mex,CA,90039.0,300000.0
791,mex/tex-mex,CA,90041.0,59408.0
792,mex/tex-mex,CA,90041.0,59408.0
794,mex/tex-mex,CA,90041.0,59408.0
803,mex/tex-mex,CA,90042.0,49009.0
807,mex/tex-mex,CA,90065.0,300000.0
809,mex/tex-mex,CA,90042.0,49009.0
810,mex/tex-mex,CA,90042.0,49009.0
812,mex/tex-mex,CA,91030.0,55405.0
814,mex/tex-mex,CA,90042.0,49009.0
815,mex/tex-mex,CA,90041.0,59408.0
817,mex/tex-mex,CA,90042.0,49009.0
819,mex/tex-mex,CA,90042.0,49009.0
826,mex/tex-mex,CA,90041.0,59408.0
839,mex/tex-mex,CA,90047.0,26090.0
854,mex/tex-mex,CA,90008.0,70607.0
862,mex/tex-mex,CA,90008.0,70607.0
867,mex/tex-mex,CA,90047.0,26090.0
870,mex/tex-mex,CA,90043.0,31219.0
873,mex/tex-mex,CA,90303.0,80697.0
882,mex/tex-mex,CA,90061.0,44268.0
886,mex/tex-mex,CA,90303.0,80697.0
893,mex/tex-mex,CA,90045.0,107969.0
894,mex/tex-mex,CA,90301.0,32736.0
900,mex/tex-mex,CA,90230.0,300000.0
904,mex/tex-mex,CA,90094.0,90712.0
913,mex/tex-mex,CA,90045.0,107969.0
915,mex/tex-mex,CA,90293.0,71650.0
923,mex/tex-mex,CA,90292.0,94781.0
931,mex/tex-mex,CA,90245.0,86968.0
933,mex/tex-mex,CA,90230.0,300000.0
935,mex/tex-mex,CA,90046.0,46897.0
939,mex/tex-mex,CA,90046.0,46897.0
941,mex/tex-mex,CA,90046.0,46897.0
949,mex/tex-mex,CA,91604.0,300000.0
954,mex/tex-mex,CA,91604.0,300000.0
955,mex/tex-mex,CA,91604.0,300000.0
958,mex/tex-mex,CA,90046.0,46897.0
973,mex/tex-mex,CA,90304.0,36108.0
977,mex/tex-mex,CA,90047.0,26090.0
984,mex/tex-mex,CA,90048.0,62610.0
985,mex/tex-mex,CA,90048.0,62610.0
990,mex/tex-mex,CA,90036.0,300000.0
995,mex/tex-mex,CA,90025.0,97041.0
1002,mex/tex-mex,CA,90025.0,97041.0
1011,mex/tex-mex,CA,90025.0,97041.0
1017,mex/tex-mex,CA,90024.0,91139.0
1022,mex/tex-mex,CA,90024.0,91139.0
1024,mex/tex-mex,CA,90025.0,97041.0
1036,mex/tex-mex,CA,90024.0,91139.0
1046,mex/tex-mex,CA,90045.0,107969.0
1050,mex/tex-mex,CA,90045.0,107969.0
1051,mex/tex-mex,CA,90230.0,300000.0
1052,mex/tex-mex,CA,90230.0,300000.0
1058,mex/tex-mex,CA,90005.0,25809.0
1064,mex/tex-mex,CA,90010.0,300000.0
1068,mex/tex-mex,CA,90201.0,56738.0
1072,mex/tex-mex,CA,90270.0,21049.0
1074,mex/tex-mex,CA,90201.0,56738.0
1075,mex/tex-mex,CA,90201.0,56738.0
1081,mex/tex-mex,CA,90201.0,56738.0
1087,mex/tex-mex,CA,90255.0,27107.0
1088,mex/tex-mex,CA,90255.0,27107.0
1090,mex/tex-mex,CA,90220.0,43250.0
1091,mex/tex-mex,CA,90222.0,28460.0
1092,mex/tex-mex,CA,90262.0,41431.0
1099,mex/tex-mex,CA,90059.0,12486.0
1111,mex/tex-mex,CA,90262.0,41431.0
1113,mex/tex-mex,CA,90262.0,41431.0
1115,mex/tex-mex,CA,90262.0,41431.0
1116,mex/tex-mex,CA,90280.0,42954.0
1117,mex/tex-mex,CA,90221.0,43934.0
1120,mex/tex-mex,CA,90220.0,43250.0
1121,mex/tex-mex,CA,90044.0,27101.0
1123,mex/tex-mex,CA,90059.0,12486.0
1124,mex/tex-mex,CA,90248.0,300000.0
1128,mex/tex-mex,CA,90247.0,35604.0
1130,mex/tex-mex,CA,90249.0,52730.0
1154,mex/tex-mex,CA,90018.0,37415.0
1163,mex/tex-mex,CA,90033.0,300000.0
1165,mex/tex-mex,CA,90063.0,52980.0
1166,mex/tex-mex,CA,90063.0,52980.0
1172,mex/tex-mex,CA,90032.0,38818.0
1179,mex/tex-mex,CA,90064.0,300000.0
1183,mex/tex-mex,CA,90034.0,300000.0
1199,mex/tex-mex,CA,90230.0,300000.0
1207,mex/tex-mex,CA,90291.0,117987.0
1210,mex/tex-mex,CA,90292.0,94781.0
1211,mex/tex-mex,CA,90291.0,117987.0
1212,mex/tex-mex,CA,90292.0,94781.0
1214,mex/tex-mex,CA,90230.0,300000.0
1216,mex/tex-mex,CA,90045.0,107969.0
1217,mex/tex-mex,CA,90230.0,300000.0
1223,mex/tex-mex,CA,91505.0,300000.0
1224,mex/tex-mex,CA,91602.0,76209.0
1232,mex/tex-mex,CA,91604.0,300000.0
1234,mex/tex-mex,CA,91505.0,300000.0
1257,mex/tex-mex,CA,91423.0,78022.0
1260,mex/tex-mex,CA,90094.0,90712.0
1262,mex/tex-mex,CA,90066.0,116703.0
1267,mex/tex-mex,CA,90230.0,300000.0
1278,mex/tex-mex,CA,90201.0,56738.0
1280,mex/tex-mex,CA,90201.0,56738.0
1286,mex/tex-mex,CA,90270.0,21049.0
1290,mex/tex-mex,CA,90280.0,42954.0
1293,mex/tex-mex,CA,90280.0,42954.0
1301,mex/tex-mex,CA,90201.0,56738.0
1303,mex/tex-mex,CA,90201.0,56738.0
1305,mex/tex-mex,CA,90201.0,56738.0
1308,mex/tex-mex,CA,90270.0,21049.0
1316,mex/tex-mex,CA,91604.0,300000.0
1317,mex/tex-mex,CA,90048.0,62610.0
1330,mex/tex-mex,CA,90210.0,208338.0
1335,mex/tex-mex,CA,90210.0,208338.0
1340,mex/tex-mex,CA,90212.0,89224.0
1356,mex/tex-mex,CA,90746.0,48895.0
1366,mex/tex-mex,CA,90248.0,300000.0
1385,mex/tex-mex,CA,90712.0,99591.0
1404,mex/tex-mex,CA,90805.0,52217.0
1405,mex/tex-mex,CA,90222.0,28460.0
1408,mex/tex-mex,CA,90221.0,43934.0
1414,mex/tex-mex,CA,90220.0,43250.0
1415,mex/tex-mex,CA,90805.0,52217.0
1418,mex/tex-mex,CA,90220.0,43250.0
1419,mex/tex-mex,CA,90221.0,43934.0
1420,mex/tex-mex,CA,90746.0,48895.0
1427,mex/tex-mex,CA,90222.0,28460.0
1428,mex/tex-mex,CA,90746.0,48895.0
1444,mex/tex-mex,CA,90241.0,53192.0
1446,mex/tex-mex,CA,90241.0,53192.0
1457,mex/tex-mex,CA,90241.0,53192.0
1472,mex/tex-mex,CA,90606.0,58849.0
1475,mex/tex-mex,CA,90650.0,300000.0
1477,mex/tex-mex,CA,90241.0,53192.0
1484,mex/tex-mex,CA,90242.0,76695.0
1492,mex/tex-mex,CA,90242.0,76695.0
1493,mex/tex-mex,CA,90670.0,60661.0
1497,mex/tex-mex,CA,90660.0,73063.0
1506,mex/tex-mex,CA,90650.0,300000.0
1513,mex/tex-mex,CA,90241.0,53192.0
1514,mex/tex-mex,CA,90280.0,42954.0
1515,mex/tex-mex,CA,90242.0,76695.0
1516,mex/tex-mex,CA,90242.0,76695.0
1517,mex/tex-mex,CA,90706.0,300000.0
1520,mex/tex-mex,CA,90280.0,42954.0
1522,mex/tex-mex,CA,90242.0,76695.0
1529,mex/tex-mex,CA,90241.0,53192.0
1530,mex/tex-mex,CA,90242.0,76695.0
1531,mex/tex-mex,CA,90706.0,300000.0
1534,mex/tex-mex,CA,90660.0,73063.0
1540,mex/tex-mex,CA,90706.0,300000.0
1542,mex/tex-mex,CA,90650.0,300000.0
1544,mex/tex-mex,CA,90706.0,300000.0
1547,mex/tex-mex,CA,90245.0,86968.0
1549,mex/tex-mex,CA,90266.0,206024.0
1554,mex/tex-mex,CA,90266.0,206024.0
1566,mex/tex-mex,CA,90304.0,36108.0
1573,mex/tex-mex,CA,90250.0,40862.0
1583,mex/tex-mex,CA,90248.0,300000.0
1584,mex/tex-mex,CA,90248.0,300000.0
1589,mex/tex-mex,CA,90248.0,300000.0
1593,mex/tex-mex,CA,90504.0,300000.0
1605,mex/tex-mex,CA,90248.0,300000.0
1610,mex/tex-mex,CA,90249.0,52730.0
1626,mex/tex-mex,CA,90501.0,63008.0
1643,mex/tex-mex,CA,90249.0,52730.0
1656,mex/tex-mex,CA,90247.0,35604.0
1662,mex/tex-mex,CA,90304.0,36108.0
1674,mex/tex-mex,CA,90250.0,40862.0
1675,mex/tex-mex,CA,90249.0,52730.0
1679,mex/tex-mex,CA,90250.0,40862.0
1686,mex/tex-mex,CA,90254.0,117114.0
1687,mex/tex-mex,CA,90503.0,300000.0
1693,mex/tex-mex,CA,90266.0,206024.0
1695,mex/tex-mex,CA,90254.0,117114.0
1698,mex/tex-mex,CA,90266.0,206024.0
1711,mex/tex-mex,CA,90503.0,300000.0
1732,mex/tex-mex,CA,90255.0,27107.0
1734,mex/tex-mex,CA,90280.0,42954.0
1735,mex/tex-mex,CA,90255.0,27107.0
1741,mex/tex-mex,CA,90255.0,27107.0
1746,mex/tex-mex,CA,90250.0,40862.0
1749,mex/tex-mex,CA,90250.0,40862.0
1757,mex/tex-mex,CA,90254.0,117114.0
1759,mex/tex-mex,CA,90260.0,45831.0
1764,mex/tex-mex,CA,90260.0,45831.0
1766,mex/tex-mex,CA,90260.0,45831.0
1767,mex/tex-mex,CA,90249.0,52730.0
1783,mex/tex-mex,CA,90280.0,42954.0
1790,mex/tex-mex,CA,90262.0,41431.0
1793,mex/tex-mex,CA,90280.0,42954.0
1806,mex/tex-mex,CA,90245.0,86968.0
1808,mex/tex-mex,CA,90245.0,86968.0
1809,mex/tex-mex,CA,90245.0,86968.0
1811,mex/tex-mex,CA,90245.0,86968.0
1812,mex/tex-mex,CA,90254.0,117114.0
1813,mex/tex-mex,CA,90278.0,300000.0
1817,mex/tex-mex,CA,90245.0,86968.0
1824,mex/tex-mex,CA,90201.0,56738.0
1831,mex/tex-mex,CA,90201.0,56738.0
1842,mex/tex-mex,CA,90260.0,45831.0
1845,mex/tex-mex,CA,90266.0,206024.0
1850,mex/tex-mex,CA,90280.0,42954.0
1865,mex/tex-mex,CA,90291.0,117987.0
1868,mex/tex-mex,CA,90291.0,117987.0
1874,mex/tex-mex,CA,90292.0,94781.0
1878,mex/tex-mex,CA,90405.0,46977.0
1898,mex/tex-mex,CA,90292.0,94781.0
1900,mex/tex-mex,CA,90405.0,46977.0
1903,mex/tex-mex,CA,90045.0,107969.0
1909,mex/tex-mex,CA,90045.0,107969.0
1910,mex/tex-mex,CA,90045.0,107969.0
1933,mex/tex-mex,CA,90301.0,32736.0
1942,mex/tex-mex,CA,90245.0,86968.0
1944,mex/tex-mex,CA,90304.0,36108.0
1948,mex/tex-mex,CA,90301.0,32736.0
1953,mex/tex-mex,CA,90301.0,32736.0
1954,mex/tex-mex,CA,90302.0,32606.0
1965,mex/tex-mex,CA,90250.0,40862.0
1967,mex/tex-mex,CA,90250.0,40862.0
1968,mex/tex-mex,CA,90303.0,80697.0
1973,mex/tex-mex,CA,90266.0,206024.0
1975,mex/tex-mex,CA,90245.0,86968.0
1977,mex/tex-mex,CA,90303.0,80697.0
1979,mex/tex-mex,CA,90405.0,46977.0
1981,mex/tex-mex,CA,90405.0,46977.0
1982,mex/tex-mex,CA,90405.0,46977.0
1998,mex/tex-mex,CA,90404.0,94342.0
2012,mex/tex-mex,CA,90403.0,156861.0
2020,mex/tex-mex,CA,90292.0,94781.0
2021,mex/tex-mex,CA,90025.0,97041.0
2030,mex/tex-mex,CA,90403.0,156861.0
2038,mex/tex-mex,CA,90502.0,63800.0
2052,mex/tex-mex,CA,90745.0,57020.0
2064,mex/tex-mex,CA,90710.0,48109.0
2067,mex/tex-mex,CA,90505.0,300000.0
2069,mex/tex-mex,CA,90745.0,57020.0
2084,mex/tex-mex,CA,90501.0,63008.0
2087,mex/tex-mex,CA,90501.0,63008.0
2088,mex/tex-mex,CA,90745.0,57020.0
2090,mex/tex-mex,CA,90746.0,48895.0
2107,mex/tex-mex,CA,90254.0,117114.0
2112,mex/tex-mex,CA,90247.0,35604.0
2115,mex/tex-mex,CA,90247.0,35604.0
2118,mex/tex-mex,CA,90504.0,300000.0
2120,mex/tex-mex,CA,90504.0,300000.0
2125,mex/tex-mex,CA,90501.0,63008.0
2131,mex/tex-mex,CA,90503.0,300000.0
2141,mex/tex-mex,CA,90505.0,300000.0
2150,mex/tex-mex,CA,90501.0,63008.0
2151,mex/tex-mex,CA,90505.0,300000.0
2160,mex/tex-mex,CA,90605.0,300000.0
2168,mex/tex-mex,CA,90605.0,300000.0
2180,mex/tex-mex,CA,90638.0,96936.0
2181,mex/tex-mex,CA,90605.0,300000.0
2184,mex/tex-mex,CA,90601.0,78658.0
2185,mex/tex-mex,CA,90604.0,62108.0
2189,mex/tex-mex,CA,90606.0,58849.0
2191,mex/tex-mex,CA,90604.0,62108.0
2202,mex/tex-mex,CA,90602.0,48157.0
2205,mex/tex-mex,CA,90670.0,60661.0
2212,mex/tex-mex,CA,90605.0,300000.0
2217,mex/tex-mex,CA,90605.0,300000.0
2218,mex/tex-mex,CA,90605.0,300000.0
2222,mex/tex-mex,CA,90602.0,48157.0
2232,mex/tex-mex,CA,90638.0,96936.0
2243,mex/tex-mex,CA,90602.0,48157.0
2247,mex/tex-mex,CA,90602.0,48157.0
2253,mex/tex-mex,CA,90240.0,300000.0
2255,mex/tex-mex,CA,90604.0,62108.0
2257,mex/tex-mex,CA,90660.0,73063.0
2258,mex/tex-mex,CA,90660.0,73063.0
2278,mex/tex-mex,CA,90640.0,49628.0
2280,mex/tex-mex,CA,90660.0,73063.0
2284,mex/tex-mex,CA,90602.0,48157.0
2286,mex/tex-mex,CA,90660.0,73063.0
2291,mex/tex-mex,CA,92801.0,47315.0
2293,mex/tex-mex,CA,90630.0,300000.0
2298,mex/tex-mex,CA,92801.0,47315.0
2303,mex/tex-mex,CA,92804.0,300000.0
2310,mex/tex-mex,CA,90620.0,73636.0
2314,mex/tex-mex,CA,90680.0,47046.0
2324,mex/tex-mex,CA,90621.0,52358.0
2326,mex/tex-mex,CA,90630.0,300000.0
2327,mex/tex-mex,CA,90620.0,73636.0
2332,mex/tex-mex,CA,92833.0,300000.0
2334,mex/tex-mex,CA,90630.0,300000.0
2347,mex/tex-mex,CA,90638.0,96936.0
2356,mex/tex-mex,CA,90638.0,96936.0
2361,mex/tex-mex,CA,90631.0,72539.0
2363,mex/tex-mex,CA,92801.0,47315.0
2364,mex/tex-mex,CA,92801.0,47315.0
2370,mex/tex-mex,CA,92801.0,47315.0
2372,mex/tex-mex,CA,90740.0,65316.0
2382,mex/tex-mex,CA,90630.0,300000.0
2385,mex/tex-mex,CA,90680.0,47046.0
2388,mex/tex-mex,CA,90701.0,61821.0
2392,mex/tex-mex,CA,90716.0,96094.0
2393,mex/tex-mex,CA,90720.0,43461.0
2402,mex/tex-mex,CA,90740.0,65316.0
2411,mex/tex-mex,CA,90716.0,96094.0
2420,mex/tex-mex,CA,90631.0,72539.0
2429,mex/tex-mex,CA,92833.0,300000.0
2432,mex/tex-mex,CA,90631.0,72539.0
2433,mex/tex-mex,CA,90631.0,72539.0
2436,mex/tex-mex,CA,92832.0,92860.0
2439,mex/tex-mex,CA,90631.0,72539.0
2442,mex/tex-mex,CA,90631.0,72539.0
2443,mex/tex-mex,CA,92832.0,92860.0
2445,mex/tex-mex,CA,90631.0,72539.0
2448,mex/tex-mex,CA,92821.0,64980.0
2451,mex/tex-mex,CA,90631.0,72539.0
2452,mex/tex-mex,CA,90631.0,72539.0
2463,mex/tex-mex,CA,90670.0,60661.0
2469,mex/tex-mex,CA,90620.0,73636.0
2470,mex/tex-mex,CA,92833.0,300000.0
2477,mex/tex-mex,CA,90650.0,300000.0
2478,mex/tex-mex,CA,91733.0,33670.0
2480,mex/tex-mex,CA,90606.0,58849.0
2482,mex/tex-mex,CA,90640.0,49628.0
2491,mex/tex-mex,CA,91770.0,66462.0
2492,mex/tex-mex,CA,90640.0,49628.0
2494,mex/tex-mex,CA,90640.0,49628.0
2496,mex/tex-mex,CA,90606.0,58849.0
2498,mex/tex-mex,CA,91754.0,60854.0
2500,mex/tex-mex,CA,90660.0,73063.0
2501,mex/tex-mex,CA,90640.0,49628.0
2505,mex/tex-mex,CA,90640.0,49628.0
2513,mex/tex-mex,CA,90650.0,300000.0
2517,mex/tex-mex,CA,90701.0,61821.0
2527,mex/tex-mex,CA,90703.0,96089.0
2533,mex/tex-mex,CA,90650.0,300000.0
2534,mex/tex-mex,CA,90022.0,44387.0
2537,mex/tex-mex,CA,90606.0,58849.0
2541,mex/tex-mex,CA,90640.0,49628.0
2542,mex/tex-mex,CA,90640.0,49628.0
2544,mex/tex-mex,CA,90660.0,73063.0
2546,mex/tex-mex,CA,90022.0,44387.0
2553,mex/tex-mex,CA,90660.0,73063.0
2554,mex/tex-mex,CA,90660.0,73063.0
2564,mex/tex-mex,CA,90650.0,300000.0
2565,mex/tex-mex,CA,90650.0,300000.0
2569,mex/tex-mex,CA,90638.0,96936.0
2570,mex/tex-mex,CA,90660.0,73063.0
2576,mex/tex-mex,CA,90650.0,300000.0
2579,mex/tex-mex,CA,90650.0,300000.0
2580,mex/tex-mex,CA,90630.0,300000.0
2584,mex/tex-mex,CA,92804.0,300000.0
2594,mex/tex-mex,CA,92683.0,43211.0
2595,mex/tex-mex,CA,92683.0,43211.0
2600,mex/tex-mex,CA,92841.0,67012.0
2602,mex/tex-mex,CA,90630.0,300000.0
2604,mex/tex-mex,CA,92804.0,300000.0
2607,mex/tex-mex,CA,92683.0,43211.0
2613,mex/tex-mex,CA,92804.0,300000.0
2620,mex/tex-mex,CA,92804.0,300000.0
2625,mex/tex-mex,CA,90713.0,75940.0
2648,mex/tex-mex,CA,90701.0,61821.0
2649,mex/tex-mex,CA,90650.0,300000.0
2652,mex/tex-mex,CA,90703.0,96089.0
2668,mex/tex-mex,CA,90712.0,99591.0
2670,mex/tex-mex,CA,90706.0,300000.0
2682,mex/tex-mex,CA,90723.0,45286.0
2688,mex/tex-mex,CA,90505.0,300000.0
2692,mex/tex-mex,CA,90710.0,48109.0
2697,mex/tex-mex,CA,90744.0,31470.0
2700,mex/tex-mex,CA,90745.0,57020.0
2701,mex/tex-mex,CA,90744.0,31470.0
2704,mex/tex-mex,CA,90744.0,31470.0
2720,mex/tex-mex,CA,90755.0,36506.0
2722,mex/tex-mex,CA,90805.0,52217.0
2728,mex/tex-mex,CA,90808.0,300000.0
2729,mex/tex-mex,CA,90706.0,300000.0
2734,mex/tex-mex,CA,90807.0,77305.0
2740,mex/tex-mex,CA,90807.0,77305.0
2741,mex/tex-mex,CA,90713.0,75940.0
2745,mex/tex-mex,CA,90807.0,77305.0
2748,mex/tex-mex,CA,90815.0,63316.0
2749,mex/tex-mex,CA,90713.0,75940.0
2752,mex/tex-mex,CA,90712.0,99591.0
2762,mex/tex-mex,CA,90712.0,99591.0
2764,mex/tex-mex,CA,90712.0,99591.0
2772,mex/tex-mex,CA,90815.0,63316.0
2777,mex/tex-mex,CA,90716.0,96094.0
2778,mex/tex-mex,CA,90703.0,96089.0
2790,mex/tex-mex,CA,90505.0,300000.0
2792,mex/tex-mex,CA,90744.0,31470.0
2796,mex/tex-mex,CA,90505.0,300000.0
2798,mex/tex-mex,CA,90717.0,140323.0
2816,mex/tex-mex,CA,90630.0,300000.0
2830,mex/tex-mex,CA,90630.0,300000.0
2835,mex/tex-mex,CA,90723.0,45286.0
2839,mex/tex-mex,CA,90805.0,52217.0
2846,mex/tex-mex,CA,90262.0,41431.0
2847,mex/tex-mex,CA,90723.0,45286.0
2853,mex/tex-mex,CA,90744.0,31470.0
2861,mex/tex-mex,CA,90746.0,48895.0
2867,mex/tex-mex,CA,90746.0,48895.0
2871,mex/tex-mex,CA,90813.0,24828.0
2874,mex/tex-mex,CA,90746.0,48895.0
2875,mex/tex-mex,CA,90810.0,94556.0
2884,mex/tex-mex,CA,90744.0,31470.0
2900,mex/tex-mex,CA,90807.0,77305.0
2907,mex/tex-mex,CA,90802.0,28386.0
2908,mex/tex-mex,CA,90803.0,104705.0
2909,mex/tex-mex,CA,90808.0,300000.0
2918,mex/tex-mex,CA,90806.0,37827.0
2921,mex/tex-mex,CA,90804.0,39139.0
2929,mex/tex-mex,CA,90813.0,24828.0
2934,mex/tex-mex,CA,90813.0,24828.0
2937,mex/tex-mex,CA,90803.0,104705.0
2939,mex/tex-mex,CA,90813.0,24828.0
2943,mex/tex-mex,CA,90815.0,63316.0
2945,mex/tex-mex,CA,90803.0,104705.0
2946,mex/tex-mex,CA,90804.0,39139.0
2947,mex/tex-mex,CA,90814.0,47193.0
2952,mex/tex-mex,CA,90815.0,63316.0
2960,mex/tex-mex,CA,90804.0,39139.0
2962,mex/tex-mex,CA,90803.0,104705.0
2971,mex/tex-mex,CA,90804.0,39139.0
2989,mex/tex-mex,CA,90807.0,77305.0
2991,mex/tex-mex,CA,90806.0,37827.0
2998,mex/tex-mex,CA,90803.0,104705.0
3017,mex/tex-mex,CA,90808.0,300000.0
3022,mex/tex-mex,CA,90723.0,45286.0
3024,mex/tex-mex,CA,90712.0,99591.0
3030,mex/tex-mex,CA,90807.0,77305.0
3033,mex/tex-mex,CA,90706.0,300000.0
3035,mex/tex-mex,CA,90814.0,47193.0
3040,mex/tex-mex,CA,90804.0,39139.0
3046,mex/tex-mex,CA,90807.0,77305.0
3048,mex/tex-mex,CA,90805.0,52217.0
3050,mex/tex-mex,CA,90815.0,63316.0
3051,mex/tex-mex,CA,90813.0,24828.0
3070,mex/tex-mex,CA,90805.0,52217.0
3071,mex/tex-mex,CA,90805.0,52217.0
3079,mex/tex-mex,CA,90813.0,24828.0
3081,mex/tex-mex,CA,90806.0,37827.0
3083,mex/tex-mex,CA,90746.0,48895.0
3092,mex/tex-mex,CA,90806.0,37827.0
3095,mex/tex-mex,CA,90807.0,77305.0
3098,mex/tex-mex,CA,90813.0,24828.0
3111,mex/tex-mex,CA,90802.0,28386.0
3112,mex/tex-mex,CA,90802.0,28386.0
3116,mex/tex-mex,CA,90802.0,28386.0
3128,mex/tex-mex,CA,90803.0,104705.0
3132,mex/tex-mex,CA,90803.0,104705.0
3147,mex/tex-mex,CA,90803.0,104705.0
3165,mex/tex-mex,CA,91776.0,47607.0
3166,mex/tex-mex,CA,91107.0,24459.0
3171,mex/tex-mex,CA,91107.0,24459.0
3206,mex/tex-mex,CA,90041.0,59408.0
3208,mex/tex-mex,CA,91803.0,58614.0
3213,mex/tex-mex,CA,90042.0,49009.0
3223,mex/tex-mex,CA,91107.0,24459.0
3226,mex/tex-mex,CA,91101.0,43316.0
3237,mex/tex-mex,CA,91101.0,43316.0
3238,mex/tex-mex,CA,91104.0,300000.0
3242,mex/tex-mex,CA,91001.0,300000.0
3243,mex/tex-mex,CA,91106.0,35231.0
3244,mex/tex-mex,CA,91101.0,43316.0
3246,mex/tex-mex,CA,91104.0,300000.0
3254,mex/tex-mex,CA,91101.0,43316.0
3255,mex/tex-mex,CA,91107.0,24459.0
3265,mex/tex-mex,CA,91101.0,43316.0
3286,mex/tex-mex,CA,91106.0,35231.0
3289,mex/tex-mex,CA,91101.0,43316.0
3293,mex/tex-mex,CA,91101.0,43316.0
3299,mex/tex-mex,CA,91104.0,300000.0
3300,mex/tex-mex,CA,91104.0,300000.0
3303,mex/tex-mex,CA,91104.0,300000.0
3308,mex/tex-mex,CA,91776.0,47607.0
3318,mex/tex-mex,CA,91101.0,43316.0
3324,mex/tex-mex,CA,91776.0,47607.0
3325,mex/tex-mex,CA,91776.0,47607.0
3332,mex/tex-mex,CA,91104.0,300000.0
3334,mex/tex-mex,CA,91780.0,19836.0
3347,mex/tex-mex,CA,91107.0,24459.0
3363,mex/tex-mex,CA,91502.0,35793.0
3375,mex/tex-mex,CA,91204.0,55120.0
3378,mex/tex-mex,CA,91204.0,55120.0
3384,mex/tex-mex,CA,91506.0,300000.0
3403,mex/tex-mex,CA,91214.0,86533.0
3428,mex/tex-mex,CA,90027.0,64881.0
3435,mex/tex-mex,CA,91201.0,70374.0
3451,mex/tex-mex,CA,91502.0,35793.0
3461,mex/tex-mex,CA,90065.0,300000.0
3464,mex/tex-mex,CA,90041.0,59408.0
3471,mex/tex-mex,CA,91304.0,41995.0
3473,mex/tex-mex,CA,91367.0,72104.0
3474,mex/tex-mex,CA,91367.0,72104.0
3499,mex/tex-mex,CA,91324.0,44427.0
3502,mex/tex-mex,CA,91304.0,41995.0
3516,mex/tex-mex,CA,91302.0,300000.0
3518,mex/tex-mex,CA,91356.0,44404.0
3522,mex/tex-mex,CA,91303.0,88567.0
3526,mex/tex-mex,CA,91311.0,90602.0
3530,mex/tex-mex,CA,91324.0,44427.0
3531,mex/tex-mex,CA,91335.0,59693.0
3532,mex/tex-mex,CA,91311.0,90602.0
3533,mex/tex-mex,CA,91303.0,88567.0
3569,mex/tex-mex,CA,91324.0,44427.0
3571,mex/tex-mex,CA,91335.0,59693.0
3581,mex/tex-mex,CA,91335.0,59693.0
3595,mex/tex-mex,CA,91335.0,59693.0
3596,mex/tex-mex,CA,91406.0,39263.0
3597,mex/tex-mex,CA,91406.0,39263.0
3600,mex/tex-mex,CA,91324.0,44427.0
3610,mex/tex-mex,CA,91406.0,39263.0
3611,mex/tex-mex,CA,91335.0,59693.0
3645,mex/tex-mex,CA,91405.0,37333.0
3649,mex/tex-mex,CA,91405.0,37333.0
3651,mex/tex-mex,CA,91405.0,37333.0
3653,mex/tex-mex,CA,91340.0,66670.0
3666,mex/tex-mex,CA,91405.0,37333.0
3672,mex/tex-mex,CA,91403.0,63169.0
3674,mex/tex-mex,CA,91402.0,42001.0
3680,mex/tex-mex,CA,91343.0,85144.0
3688,mex/tex-mex,CA,91402.0,42001.0
3709,mex/tex-mex,CA,91331.0,36414.0
3716,mex/tex-mex,CA,91405.0,37333.0
3724,mex/tex-mex,CA,91423.0,78022.0
3725,mex/tex-mex,CA,91402.0,42001.0
3734,mex/tex-mex,CA,91324.0,44427.0
3737,mex/tex-mex,CA,91343.0,85144.0
3739,mex/tex-mex,CA,91324.0,44427.0
3742,mex/tex-mex,CA,91325.0,61041.0
3745,mex/tex-mex,CA,91401.0,54369.0
3747,mex/tex-mex,CA,91402.0,42001.0
3751,mex/tex-mex,CA,91401.0,54369.0
3765,mex/tex-mex,CA,91352.0,76038.0
3768,mex/tex-mex,CA,91505.0,300000.0
3770,mex/tex-mex,CA,91605.0,26032.0
3782,mex/tex-mex,CA,91352.0,76038.0
3783,mex/tex-mex,CA,91352.0,76038.0
3806,mex/tex-mex,CA,91601.0,40557.0
3807,mex/tex-mex,CA,91504.0,63799.0
3810,mex/tex-mex,CA,91605.0,26032.0
3816,mex/tex-mex,CA,91604.0,300000.0
3820,mex/tex-mex,CA,91606.0,41169.0
3823,mex/tex-mex,CA,91601.0,40557.0
3830,mex/tex-mex,CA,91505.0,300000.0
3839,mex/tex-mex,CA,91605.0,26032.0
3841,mex/tex-mex,CA,91505.0,300000.0
3842,mex/tex-mex,CA,91352.0,76038.0
3847,mex/tex-mex,CA,91352.0,76038.0
3849,mex/tex-mex,CA,91405.0,37333.0
3855,mex/tex-mex,CA,91791.0,104414.0
3857,mex/tex-mex,CA,91723.0,64833.0
3865,mex/tex-mex,CA,91741.0,300000.0
3866,mex/tex-mex,CA,91740.0,300000.0
3889,mex/tex-mex,CA,91701.0,34071.0
3917,mex/tex-mex,CA,90063.0,52980.0
3921,mex/tex-mex,CA,90640.0,49628.0
3923,mex/tex-mex,CA,91801.0,104023.0
3929,mex/tex-mex,CA,91801.0,104023.0
3940,mex/tex-mex,CA,91731.0,55648.0
3942,mex/tex-mex,CA,92110.0,122111.0
3946,mex/tex-mex,CA,92104.0,54831.0
3975,mex/tex-mex,CA,92102.0,30825.0
3980,mex/tex-mex,CA,92106.0,300000.0
3985,mex/tex-mex,CA,92105.0,300000.0
3986,mex/tex-mex,CA,91950.0,13276.0
3989,mex/tex-mex,CA,92104.0,54831.0
3990,mex/tex-mex,CA,92101.0,69051.0
3992,mex/tex-mex,CA,92102.0,30825.0
3997,mex/tex-mex,CA,92101.0,69051.0
4002,mex/tex-mex,CA,92104.0,54831.0
4010,mex/tex-mex,CA,92113.0,30148.0
4023,mex/tex-mex,CA,92102.0,30825.0
4027,mex/tex-mex,CA,92104.0,54831.0
4035,mex/tex-mex,CA,92103.0,88389.0
4037,mex/tex-mex,CA,92116.0,37570.0
4039,mex/tex-mex,CA,92101.0,69051.0
4042,mex/tex-mex,CA,92116.0,37570.0
4045,mex/tex-mex,CA,92113.0,30148.0
4050,mex/tex-mex,CA,92105.0,300000.0
4056,mex/tex-mex,CA,92113.0,30148.0
4058,mex/tex-mex,CA,92113.0,30148.0
4059,mex/tex-mex,CA,92105.0,300000.0
4062,mex/tex-mex,CA,92115.0,28255.0
4063,mex/tex-mex,CA,92116.0,37570.0
4072,mex/tex-mex,CA,93277.0,87021.0
4079,mex/tex-mex,CA,93277.0,87021.0
4080,mex/tex-mex,CA,93291.0,25640.0
4091,mex/tex-mex,CA,93277.0,87021.0
4096,mex/tex-mex,CA,93277.0,87021.0
4098,mex/tex-mex,CA,93277.0,87021.0
4123,mex/tex-mex,CA,93277.0,87021.0
4125,mex/tex-mex,CA,93277.0,87021.0
4135,mex/tex-mex,CA,93291.0,25640.0
4139,mex/tex-mex,CA,93292.0,32526.0
4141,mex/tex-mex,CA,93291.0,25640.0
4144,mex/tex-mex,CA,93304.0,56986.0
4148,mex/tex-mex,CA,93309.0,42479.0
4158,mex/tex-mex,CA,93304.0,56986.0
4164,mex/tex-mex,CA,93304.0,56986.0
4167,mex/tex-mex,CA,93309.0,42479.0
4179,mex/tex-mex,CA,93304.0,56986.0
4181,mex/tex-mex,CA,93309.0,42479.0
4182,mex/tex-mex,CA,93307.0,18277.0
4183,mex/tex-mex,CA,93313.0,46767.0
4185,mex/tex-mex,CA,93309.0,42479.0
4192,mex/tex-mex,CA,93306.0,59094.0
4195,mex/tex-mex,CA,93306.0,59094.0
4205,mex/tex-mex,CA,93305.0,52669.0
4213,mex/tex-mex,CA,93306.0,59094.0
4217,mex/tex-mex,CA,93305.0,52669.0
4219,mex/tex-mex,CA,93305.0,52669.0
4220,mex/tex-mex,CA,93305.0,52669.0
4226,mex/tex-mex,CA,93305.0,52669.0
4234,mex/tex-mex,CA,93305.0,52669.0
4237,mex/tex-mex,CA,93309.0,42479.0
4243,mex/tex-mex,CA,93309.0,42479.0
4244,mex/tex-mex,CA,93309.0,42479.0
4256,mex/tex-mex,CA,93309.0,42479.0
4283,mex/tex-mex,CA,93312.0,68372.0
4291,mex/tex-mex,CA,93311.0,91187.0
4293,mex/tex-mex,CA,93308.0,35774.0
4294,mex/tex-mex,CA,93312.0,68372.0
4295,mex/tex-mex,CA,93312.0,68372.0
4301,mex/tex-mex,CA,93312.0,68372.0
4304,mex/tex-mex,CA,93308.0,35774.0
4307,mex/tex-mex,CA,93312.0,68372.0
4311,mex/tex-mex,CA,93312.0,68372.0
4313,mex/tex-mex,CA,93308.0,35774.0
4323,mex/tex-mex,CA,93433.0,300000.0
4324,mex/tex-mex,CA,93433.0,300000.0
4325,mex/tex-mex,CA,93420.0,63124.0
4330,mex/tex-mex,CA,93433.0,300000.0
4333,mex/tex-mex,CA,93433.0,300000.0
4343,mex/tex-mex,CA,93420.0,63124.0
4345,mex/tex-mex,CA,93420.0,63124.0
4346,mex/tex-mex,CA,93449.0,94742.0
4347,mex/tex-mex,CA,93420.0,63124.0
4350,mex/tex-mex,CA,93445.0,48931.0
4356,mex/tex-mex,CA,93420.0,63124.0
4383,mex/tex-mex,CA,93534.0,56932.0
4387,mex/tex-mex,CA,93536.0,57343.0
4407,mex/tex-mex,CA,93534.0,56932.0
4408,mex/tex-mex,CA,93534.0,56932.0
4422,mex/tex-mex,CA,93612.0,46353.0
4430,mex/tex-mex,CA,93611.0,89265.0
4433,mex/tex-mex,CA,93612.0,46353.0
4434,mex/tex-mex,CA,93611.0,89265.0
4443,mex/tex-mex,CA,93612.0,46353.0
4445,mex/tex-mex,CA,93612.0,46353.0
4449,mex/tex-mex,CA,93612.0,46353.0
4457,mex/tex-mex,CA,93612.0,46353.0
4459,mex/tex-mex,CA,93611.0,89265.0
4469,mex/tex-mex,CA,93611.0,89265.0
4470,mex/tex-mex,CA,93611.0,89265.0
4478,mex/tex-mex,CA,93726.0,46592.0
4481,mex/tex-mex,CA,93612.0,46353.0
4483,mex/tex-mex,CA,93710.0,30873.0
4485,mex/tex-mex,CA,93702.0,24284.0
4487,mex/tex-mex,CA,93725.0,32819.0
4488,mex/tex-mex,CA,93726.0,46592.0
4490,mex/tex-mex,CA,93721.0,27171.0
4495,mex/tex-mex,CA,93703.0,21914.0
4497,mex/tex-mex,CA,93703.0,21914.0
4507,mex/tex-mex,CA,93702.0,24284.0
4514,mex/tex-mex,CA,93702.0,24284.0
4524,mex/tex-mex,CA,93704.0,75728.0
4531,mex/tex-mex,CA,93702.0,24284.0
4536,mex/tex-mex,CA,93612.0,46353.0
4537,mex/tex-mex,CA,93702.0,24284.0
4538,mex/tex-mex,CA,93726.0,46592.0
4540,mex/tex-mex,CA,93612.0,46353.0
4543,mex/tex-mex,CA,93721.0,27171.0
4548,mex/tex-mex,CA,93726.0,46592.0
4550,mex/tex-mex,CA,93711.0,83707.0
4552,mex/tex-mex,CA,93720.0,43176.0
4553,mex/tex-mex,CA,93728.0,23315.0
4555,mex/tex-mex,CA,93726.0,46592.0
4562,mex/tex-mex,CA,93704.0,75728.0
4563,mex/tex-mex,CA,93711.0,83707.0
4572,mex/tex-mex,CA,93726.0,46592.0
4573,mex/tex-mex,CA,93710.0,30873.0
4574,mex/tex-mex,CA,93728.0,23315.0
4582,mex/tex-mex,CA,93728.0,23315.0
4591,mex/tex-mex,CA,93710.0,30873.0
4593,mex/tex-mex,CA,93722.0,53793.0
4595,mex/tex-mex,CA,93722.0,53793.0
4605,mex/tex-mex,CA,93711.0,83707.0
4613,mex/tex-mex,CA,93720.0,43176.0
4629,mex/tex-mex,CA,93722.0,53793.0
4633,mex/tex-mex,CA,93711.0,83707.0
4635,mex/tex-mex,CA,93720.0,43176.0
4645,mex/tex-mex,CA,93722.0,53793.0
4650,mex/tex-mex,CA,93728.0,23315.0
4651,mex/tex-mex,CA,93710.0,30873.0
4652,mex/tex-mex,CA,93703.0,21914.0
4664,mex/tex-mex,CA,94080.0,96033.0
4666,mex/tex-mex,CA,94015.0,300000.0
4668,mex/tex-mex,CA,94080.0,96033.0
4670,mex/tex-mex,CA,94080.0,96033.0
4679,mex/tex-mex,CA,94080.0,96033.0
4682,mex/tex-mex,CA,94112.0,83574.0
4684,mex/tex-mex,CA,94132.0,67378.0
4686,mex/tex-mex,CA,94015.0,300000.0
4697,mex/tex-mex,CA,94014.0,74953.0
4702,mex/tex-mex,CA,94015.0,300000.0
4724,mex/tex-mex,CA,95002.0,76559.0
4743,mex/tex-mex,CA,94043.0,97043.0
4745,mex/tex-mex,CA,94085.0,115034.0
4766,mex/tex-mex,CA,94118.0,63551.0
4772,mex/tex-mex,CA,94114.0,300000.0
4779,mex/tex-mex,CA,94117.0,300000.0
4786,mex/tex-mex,CA,94115.0,141923.0
4791,mex/tex-mex,CA,94103.0,17195.0
4798,mex/tex-mex,CA,94110.0,38568.0
4800,mex/tex-mex,CA,94110.0,38568.0
4804,mex/tex-mex,CA,94110.0,38568.0
4813,mex/tex-mex,CA,94110.0,38568.0
4825,mex/tex-mex,CA,94115.0,141923.0
4831,mex/tex-mex,CA,94123.0,110331.0
4833,mex/tex-mex,CA,94103.0,17195.0
4839,mex/tex-mex,CA,94110.0,38568.0
4840,mex/tex-mex,CA,94108.0,56013.0
4845,mex/tex-mex,CA,94103.0,17195.0
4846,mex/tex-mex,CA,94133.0,82929.0
4856,mex/tex-mex,CA,94123.0,110331.0
4859,mex/tex-mex,CA,94110.0,38568.0
4865,mex/tex-mex,CA,94133.0,82929.0
4875,mex/tex-mex,CA,94118.0,63551.0
4878,mex/tex-mex,CA,94102.0,21830.0
4880,mex/tex-mex,CA,94123.0,110331.0
4883,mex/tex-mex,CA,94110.0,38568.0
4890,mex/tex-mex,CA,94123.0,110331.0
4896,mex/tex-mex,CA,94110.0,38568.0
4898,mex/tex-mex,CA,94110.0,38568.0
4900,mex/tex-mex,CA,94108.0,56013.0
4903,mex/tex-mex,CA,94102.0,21830.0
4908,mex/tex-mex,CA,94110.0,38568.0
4913,mex/tex-mex,CA,94114.0,300000.0
4916,mex/tex-mex,CA,94110.0,38568.0
4919,mex/tex-mex,CA,94112.0,83574.0
4927,mex/tex-mex,CA,94117.0,300000.0
4937,mex/tex-mex,CA,94110.0,38568.0
4941,mex/tex-mex,CA,94110.0,38568.0
4943,mex/tex-mex,CA,94112.0,83574.0
4949,mex/tex-mex,CA,94110.0,38568.0
4952,mex/tex-mex,CA,94110.0,38568.0
4953,mex/tex-mex,CA,94110.0,38568.0
4954,mex/tex-mex,CA,94117.0,300000.0
4959,mex/tex-mex,CA,94110.0,38568.0
4962,mex/tex-mex,CA,94015.0,300000.0
4963,mex/tex-mex,CA,94110.0,38568.0
4979,mex/tex-mex,CA,94112.0,83574.0
4980,mex/tex-mex,CA,94114.0,300000.0
4981,mex/tex-mex,CA,94127.0,300000.0
4994,mex/tex-mex,CA,94112.0,83574.0
4995,mex/tex-mex,CA,94114.0,300000.0
5004,mex/tex-mex,CA,94109.0,105824.0
5016,mex/tex-mex,CA,94123.0,110331.0
5019,mex/tex-mex,CA,94127.0,300000.0
5026,mex/tex-mex,CA,94118.0,63551.0
5029,mex/tex-mex,CA,94122.0,109102.0
5051,mex/tex-mex,CA,94121.0,131522.0
5054,mex/tex-mex,CA,94116.0,60686.0
5061,mex/tex-mex,CA,94118.0,63551.0
5068,mex/tex-mex,CA,94129.0,300000.0
5076,mex/tex-mex,CA,94109.0,105824.0
5080,mex/tex-mex,CA,94117.0,300000.0
5084,mex/tex-mex,CA,94107.0,120979.0
5092,mex/tex-mex,CA,94110.0,38568.0
5095,mex/tex-mex,CA,94110.0,38568.0
5096,mex/tex-mex,CA,94110.0,38568.0
5101,mex/tex-mex,CA,94103.0,17195.0
5105,mex/tex-mex,CA,94110.0,38568.0
5106,mex/tex-mex,CA,94110.0,38568.0
5108,mex/tex-mex,CA,94110.0,38568.0
5110,mex/tex-mex,CA,94117.0,300000.0
5146,mex/tex-mex,CA,94121.0,131522.0
5165,mex/tex-mex,CA,94123.0,110331.0
5170,mex/tex-mex,CA,94102.0,21830.0
5172,mex/tex-mex,CA,94110.0,38568.0
5173,mex/tex-mex,CA,94110.0,38568.0
5177,mex/tex-mex,CA,94110.0,38568.0
5179,mex/tex-mex,CA,94103.0,17195.0
5180,mex/tex-mex,CA,94110.0,38568.0
5182,mex/tex-mex,CA,94110.0,38568.0
5183,mex/tex-mex,CA,94110.0,38568.0
5196,mex/tex-mex,CA,94612.0,78171.0
5202,mex/tex-mex,CA,94612.0,78171.0
5220,mex/tex-mex,CA,94611.0,62784.0
5223,mex/tex-mex,CA,94601.0,40160.0
5229,mex/tex-mex,CA,94601.0,40160.0
5233,mex/tex-mex,CA,94601.0,40160.0
5234,mex/tex-mex,CA,94601.0,40160.0
5237,mex/tex-mex,CA,94601.0,40160.0
5238,mex/tex-mex,CA,94601.0,40160.0
5239,mex/tex-mex,CA,94608.0,20114.0
5240,mex/tex-mex,CA,94601.0,40160.0
5241,mex/tex-mex,CA,94601.0,40160.0
5246,mex/tex-mex,CA,94601.0,40160.0
5254,mex/tex-mex,CA,94702.0,46329.0
5284,mex/tex-mex,CA,94709.0,35427.0
5293,mex/tex-mex,CA,94608.0,20114.0
5298,mex/tex-mex,CA,94601.0,40160.0
5303,mex/tex-mex,CA,94601.0,40160.0
5308,mex/tex-mex,CA,94501.0,43007.0
5314,mex/tex-mex,CA,94501.0,43007.0
5318,mex/tex-mex,VA,20109.0,50724.0
5328,mex/tex-mex,VA,20109.0,50724.0
5338,mex/tex-mex,VA,20109.0,50724.0
5355,mex/tex-mex,VA,20109.0,50724.0
5368,mex/tex-mex,VA,20110.0,72878.0
5376,mex/tex-mex,VA,20110.0,72878.0
5383,mex/tex-mex,VA,20110.0,72878.0
5384,mex/tex-mex,VA,20110.0,72878.0
5388,mex/tex-mex,VA,20111.0,86659.0
5400,mex/tex-mex,VA,20110.0,72878.0
5404,mex/tex-mex,VA,20151.0,300000.0
5423,mex/tex-mex,VA,20121.0,106122.0
5431,mex/tex-mex,VA,20151.0,300000.0
5433,mex/tex-mex,VA,20151.0,300000.0
5438,mex/tex-mex,VA,20121.0,106122.0
5439,mex/tex-mex,VA,20151.0,300000.0
5443,mex/tex-mex,VA,20151.0,300000.0
5455,mex/tex-mex,VA,20121.0,106122.0
5464,mex/tex-mex,VA,20136.0,134710.0
5484,mex/tex-mex,VA,20147.0,119556.0
5491,mex/tex-mex,VA,20147.0,119556.0
5502,mex/tex-mex,VA,20147.0,119556.0
5504,mex/tex-mex,VA,20147.0,119556.0
5513,mex/tex-mex,VA,20148.0,300000.0
5517,mex/tex-mex,VA,20147.0,119556.0
5524,mex/tex-mex,VA,20147.0,119556.0
5534,mex/tex-mex,VA,20151.0,300000.0
5539,mex/tex-mex,VA,20171.0,73413.0
5548,mex/tex-mex,VA,20171.0,73413.0
5549,mex/tex-mex,VA,20152.0,52723.0
5551,mex/tex-mex,VA,20152.0,52723.0
5561,mex/tex-mex,VA,20169.0,96442.0
5565,mex/tex-mex,VA,20169.0,96442.0
5572,mex/tex-mex,VA,20155.0,105372.0
5576,mex/tex-mex,VA,20155.0,105372.0
5577,mex/tex-mex,VA,20155.0,105372.0
5583,mex/tex-mex,VA,20155.0,105372.0
5584,mex/tex-mex,VA,20155.0,105372.0
5595,mex/tex-mex,VA,20165.0,115029.0
5596,mex/tex-mex,VA,20164.0,300000.0
5602,mex/tex-mex,VA,20164.0,300000.0
5626,mex/tex-mex,VA,20170.0,300000.0
5644,mex/tex-mex,VA,20190.0,142406.0
5654,mex/tex-mex,VA,20170.0,300000.0
5665,mex/tex-mex,VA,20170.0,300000.0
5671,mex/tex-mex,VA,20170.0,300000.0
5675,mex/tex-mex,VA,20170.0,300000.0
5676,mex/tex-mex,VA,20171.0,73413.0
5684,mex/tex-mex,VA,22033.0,300000.0
5693,mex/tex-mex,VA,20190.0,142406.0
5695,mex/tex-mex,VA,20191.0,101584.0
5696,mex/tex-mex,VA,20190.0,142406.0
5708,mex/tex-mex,VA,20190.0,142406.0
5727,mex/tex-mex,VA,22031.0,159997.0
5737,mex/tex-mex,VA,22031.0,159997.0
5738,mex/tex-mex,VA,22031.0,159997.0
5759,mex/tex-mex,VA,22039.0,300000.0
5762,mex/tex-mex,VA,22193.0,125048.0
5770,mex/tex-mex,VA,22033.0,300000.0
5779,mex/tex-mex,VA,22015.0,138532.0
5788,mex/tex-mex,VA,22030.0,300000.0
5794,mex/tex-mex,VA,22030.0,300000.0
5808,mex/tex-mex,VA,22030.0,300000.0
5817,mex/tex-mex,VA,22030.0,300000.0
5823,mex/tex-mex,VA,22124.0,120625.0
5831,mex/tex-mex,VA,22180.0,300000.0
5852,mex/tex-mex,VA,22015.0,138532.0
5856,mex/tex-mex,VA,22015.0,138532.0
5858,mex/tex-mex,VA,22030.0,300000.0
5860,mex/tex-mex,VA,22030.0,300000.0
5863,mex/tex-mex,VA,22033.0,300000.0
5875,mex/tex-mex,VA,22033.0,300000.0
5879,mex/tex-mex,VA,22041.0,65204.0
5883,mex/tex-mex,VA,22044.0,197065.0
5893,mex/tex-mex,VA,22046.0,116916.0
5908,mex/tex-mex,VA,22311.0,47374.0
5919,mex/tex-mex,VA,22203.0,65963.0
5920,mex/tex-mex,VA,22205.0,172306.0
5948,mex/tex-mex,VA,22101.0,300000.0
5949,mex/tex-mex,VA,22031.0,159997.0
5951,mex/tex-mex,VA,22102.0,222333.0
5952,mex/tex-mex,VA,22042.0,300000.0
5980,mex/tex-mex,VA,22044.0,197065.0
5984,mex/tex-mex,VA,22101.0,300000.0
5996,mex/tex-mex,VA,22102.0,222333.0
6000,mex/tex-mex,VA,22102.0,222333.0
6017,mex/tex-mex,VA,22150.0,88102.0
6026,mex/tex-mex,VA,22150.0,88102.0
6040,mex/tex-mex,VA,22150.0,88102.0
6048,mex/tex-mex,VA,22152.0,147960.0
6064,mex/tex-mex,VA,22192.0,78914.0
6065,mex/tex-mex,VA,22191.0,300000.0
6066,mex/tex-mex,VA,22192.0,78914.0
6071,mex/tex-mex,VA,22191.0,300000.0
6105,mex/tex-mex,VA,22041.0,65204.0
6106,mex/tex-mex,VA,22041.0,65204.0
6131,mex/tex-mex,VA,22202.0,113550.0
6154,mex/tex-mex,VA,22206.0,99406.0
6169,mex/tex-mex,VA,22301.0,300000.0
6177,mex/tex-mex,VA,22201.0,300000.0
6189,mex/tex-mex,VA,22204.0,300000.0
6190,mex/tex-mex,VA,22206.0,99406.0
6194,mex/tex-mex,VA,22207.0,300000.0
6201,mex/tex-mex,VA,22203.0,65963.0
6204,mex/tex-mex,VA,22203.0,65963.0
6207,mex/tex-mex,VA,22201.0,300000.0
6254,mex/tex-mex,VA,22202.0,113550.0
6258,mex/tex-mex,VA,22305.0,52927.0
6273,mex/tex-mex,VA,22303.0,86214.0
6284,mex/tex-mex,VA,22303.0,86214.0
6317,mex/tex-mex,VA,22304.0,201141.0
6354,mex/tex-mex,VA,22202.0,113550.0
6383,mex/tex-mex,VA,22310.0,300000.0
6387,mex/tex-mex,VA,22315.0,141414.0
6395,mex/tex-mex,FL,32003.0,300000.0
6407,mex/tex-mex,FL,32003.0,300000.0
6421,mex/tex-mex,FL,32097.0,70640.0
6426,mex/tex-mex,FL,32063.0,43196.0
6469,mex/tex-mex,FL,32073.0,43800.0
6472,mex/tex-mex,FL,32073.0,43800.0
6493,mex/tex-mex,FL,32114.0,33511.0
6507,mex/tex-mex,FL,32114.0,33511.0
6515,mex/tex-mex,FL,32117.0,25573.0
6609,mex/tex-mex,FL,32216.0,66153.0
6625,mex/tex-mex,FL,32217.0,16659.0
6646,mex/tex-mex,FL,32210.0,21983.0
6654,mex/tex-mex,FL,32225.0,100253.0
6663,mex/tex-mex,FL,32225.0,100253.0
6696,mex/tex-mex,FL,32246.0,76513.0
6701,mex/tex-mex,FL,32246.0,76513.0
6712,mex/tex-mex,FL,32250.0,67066.0
6716,mex/tex-mex,FL,32250.0,67066.0
6720,mex/tex-mex,FL,32301.0,48248.0
6738,mex/tex-mex,FL,32301.0,48248.0
6746,mex/tex-mex,FL,32301.0,48248.0
6749,mex/tex-mex,FL,32308.0,42408.0
6761,mex/tex-mex,IL,52601.0,300000.0
6765,mex/tex-mex,IL,52601.0,300000.0
6772,mex/tex-mex,IL,52601.0,300000.0
6778,mex/tex-mex,IL,52601.0,300000.0
6791,mex/tex-mex,IL,60002.0,70658.0
6803,mex/tex-mex,IL,60004.0,95962.0
6817,mex/tex-mex,IL,60004.0,95962.0
6822,mex/tex-mex,IL,60074.0,300000.0
6823,mex/tex-mex,IL,60004.0,95962.0
6827,mex/tex-mex,TX,75023.0,300000.0
6832,mex/tex-mex,IL,60004.0,95962.0
6839,mex/tex-mex,IL,60090.0,58788.0
6840,mex/tex-mex,IL,60074.0,300000.0
6842,mex/tex-mex,IL,60089.0,102256.0
6843,mex/tex-mex,IL,60004.0,95962.0
6846,mex/tex-mex,IL,60089.0,102256.0
6856,mex/tex-mex,IL,60008.0,78572.0
6859,mex/tex-mex,IL,60005.0,83407.0
6860,mex/tex-mex,IL,60056.0,131178.0
6864,mex/tex-mex,IL,60008.0,78572.0
6874,mex/tex-mex,IL,60016.0,65670.0
6878,mex/tex-mex,IL,60005.0,83407.0
6884,mex/tex-mex,IL,60005.0,83407.0
6896,mex/tex-mex,IL,60007.0,48822.0
6901,mex/tex-mex,IL,60007.0,48822.0
6903,mex/tex-mex,IL,60007.0,48822.0
6916,mex/tex-mex,IL,60007.0,48822.0
6953,mex/tex-mex,IL,60067.0,300000.0
6957,mex/tex-mex,IL,60067.0,300000.0
6959,mex/tex-mex,IL,60047.0,157184.0
6966,mex/tex-mex,IL,60047.0,157184.0
6980,mex/tex-mex,IL,60014.0,76573.0
6988,mex/tex-mex,IL,60014.0,76573.0
6990,mex/tex-mex,IL,60014.0,76573.0
6991,mex/tex-mex,IL,60014.0,76573.0
6997,mex/tex-mex,IL,60014.0,76573.0
7004,mex/tex-mex,IL,60015.0,300000.0
7009,mex/tex-mex,IL,60090.0,58788.0
7028,mex/tex-mex,IL,60090.0,58788.0
7046,mex/tex-mex,IL,60056.0,131178.0
7050,mex/tex-mex,IL,60016.0,65670.0
7052,mex/tex-mex,IL,60018.0,55845.0
7055,mex/tex-mex,IL,60018.0,55845.0
7067,mex/tex-mex,IL,60062.0,101106.0
7069,mex/tex-mex,IL,60018.0,55845.0
7074,mex/tex-mex,IL,60056.0,131178.0
7078,mex/tex-mex,IL,60016.0,65670.0
7085,mex/tex-mex,IL,60056.0,131178.0
7101,mex/tex-mex,IL,60176.0,62081.0
7104,mex/tex-mex,IL,60018.0,55845.0
7125,mex/tex-mex,IL,60093.0,218355.0
7143,mex/tex-mex,IL,60025.0,69189.0
7145,mex/tex-mex,IL,60062.0,101106.0
7156,mex/tex-mex,IL,60025.0,69189.0
7163,mex/tex-mex,IL,60025.0,69189.0
7167,mex/tex-mex,IL,60714.0,76515.0
7179,mex/tex-mex,IL,60714.0,76515.0
7211,mex/tex-mex,IL,60031.0,300000.0
7228,mex/tex-mex,IL,60031.0,300000.0
7237,mex/tex-mex,IL,60015.0,300000.0
7247,mex/tex-mex,IL,60035.0,141411.0
7252,mex/tex-mex,IL,60046.0,69791.0
7259,mex/tex-mex,IL,60050.0,300000.0
7262,mex/tex-mex,IL,60714.0,76515.0
7275,mex/tex-mex,IL,60053.0,300000.0
7289,mex/tex-mex,IL,60053.0,300000.0
7290,mex/tex-mex,IL,60077.0,60332.0
7291,mex/tex-mex,IL,60646.0,111554.0
7293,mex/tex-mex,IL,60068.0,300000.0
7295,mex/tex-mex,IL,60077.0,60332.0
7300,mex/tex-mex,IL,60070.0,300000.0
7326,mex/tex-mex,IL,60061.0,51711.0
7329,mex/tex-mex,IL,60060.0,77622.0
7333,mex/tex-mex,IL,60060.0,77622.0
7334,mex/tex-mex,AZ,60048.0,36002.0
7338,mex/tex-mex,IL,60060.0,77622.0
7343,mex/tex-mex,IL,60085.0,46446.0
7345,mex/tex-mex,IL,60085.0,46446.0
7357,mex/tex-mex,IL,60085.0,46446.0
7359,mex/tex-mex,IL,60085.0,46446.0
7360,mex/tex-mex,IL,60018.0,55845.0
7365,mex/tex-mex,IL,60656.0,64415.0
7368,mex/tex-mex,IL,60016.0,65670.0
7372,mex/tex-mex,IL,60089.0,102256.0
7377,mex/tex-mex,IL,60089.0,102256.0
7380,mex/tex-mex,IL,60074.0,300000.0
7390,mex/tex-mex,IL,60010.0,142459.0
7402,mex/tex-mex,IL,60077.0,60332.0
7435,mex/tex-mex,IL,60712.0,56994.0
7471,mex/tex-mex,IL,60077.0,60332.0
7481,mex/tex-mex,IL,60101.0,50570.0
7482,mex/tex-mex,IL,60148.0,58725.0
7485,mex/tex-mex,IL,60181.0,73947.0
7487,mex/tex-mex,IL,60101.0,50570.0
7493,mex/tex-mex,IL,60148.0,58725.0
7498,mex/tex-mex,IL,60160.0,40406.0
7514,mex/tex-mex,IL,60154.0,300000.0
7522,mex/tex-mex,IL,60106.0,65622.0
7528,mex/tex-mex,IL,60164.0,42306.0
7539,mex/tex-mex,IL,60172.0,97129.0
7541,mex/tex-mex,IL,60172.0,97129.0
7544,mex/tex-mex,IL,60133.0,300000.0
7563,mex/tex-mex,IL,60181.0,73947.0
7584,mex/tex-mex,IL,60402.0,52331.0
7586,mex/tex-mex,IL,60402.0,52331.0
7594,mex/tex-mex,IL,60546.0,60063.0
7604,mex/tex-mex,IL,60651.0,24711.0
7613,mex/tex-mex,IL,60402.0,52331.0
7624,mex/tex-mex,IL,60018.0,55845.0
7643,mex/tex-mex,IL,60107.0,300000.0
7648,mex/tex-mex,IL,60189.0,83140.0
7658,mex/tex-mex,IL,60108.0,65615.0
7661,mex/tex-mex,IL,60139.0,65160.0
7662,mex/tex-mex,IL,60137.0,119299.0
7683,mex/tex-mex,IL,60707.0,300000.0
7690,mex/tex-mex,IL,60546.0,60063.0
7692,mex/tex-mex,IL,60707.0,300000.0
7693,mex/tex-mex,IL,60525.0,56695.0
7694,mex/tex-mex,IL,60131.0,36424.0
7712,mex/tex-mex,IL,60162.0,52069.0
7714,mex/tex-mex,IL,60104.0,300000.0
7715,mex/tex-mex,IL,60706.0,45630.0
7716,mex/tex-mex,IL,60707.0,300000.0
7719,mex/tex-mex,IL,60130.0,51303.0
7733,mex/tex-mex,IL,60148.0,58725.0
7758,mex/tex-mex,IL,60626.0,42875.0
7761,mex/tex-mex,IL,60610.0,97367.0
7766,mex/tex-mex,IL,60626.0,42875.0
7782,mex/tex-mex,IL,60644.0,37632.0
7783,mex/tex-mex,IL,60546.0,60063.0
7789,mex/tex-mex,IL,60644.0,37632.0
7790,mex/tex-mex,IL,60402.0,52331.0
7796,mex/tex-mex,IL,60804.0,35830.0
7797,mex/tex-mex,IL,60639.0,44634.0
7799,mex/tex-mex,IL,60634.0,54001.0
7802,mex/tex-mex,IL,60804.0,35830.0
7804,mex/tex-mex,IL,60639.0,44634.0
7807,mex/tex-mex,IL,60639.0,44634.0
7808,mex/tex-mex,IL,60804.0,35830.0
7810,mex/tex-mex,IL,60707.0,300000.0
7813,mex/tex-mex,IL,60804.0,35830.0
7821,mex/tex-mex,IL,60639.0,44634.0
7826,mex/tex-mex,IL,60546.0,60063.0
7830,mex/tex-mex,IL,60804.0,35830.0
7834,mex/tex-mex,IL,60639.0,44634.0
7847,mex/tex-mex,IL,60610.0,97367.0
7855,mex/tex-mex,IL,60622.0,65457.0
7871,mex/tex-mex,IL,60610.0,97367.0
7881,mex/tex-mex,IL,60622.0,65457.0
7882,mex/tex-mex,IL,60602.0,62317.0
7889,mex/tex-mex,IL,60622.0,65457.0
7890,mex/tex-mex,IL,60622.0,65457.0
7903,mex/tex-mex,IL,60610.0,97367.0
7907,mex/tex-mex,IL,60616.0,44154.0
7919,mex/tex-mex,IL,60607.0,125702.0
7949,mex/tex-mex,IL,60605.0,15307.0
7959,mex/tex-mex,IL,60607.0,125702.0
7961,mex/tex-mex,IL,60608.0,48321.0
7971,mex/tex-mex,IL,60602.0,62317.0
7976,mex/tex-mex,IL,60632.0,300000.0
8001,mex/tex-mex,IL,60632.0,300000.0
8011,mex/tex-mex,IL,60657.0,58437.0
8033,mex/tex-mex,IL,60614.0,54244.0
8047,mex/tex-mex,IL,60623.0,33943.0
8055,mex/tex-mex,IL,60614.0,54244.0
8056,mex/tex-mex,IL,60647.0,66598.0
8061,mex/tex-mex,IL,60623.0,33943.0
8065,mex/tex-mex,IL,60608.0,48321.0
8067,mex/tex-mex,IL,60608.0,48321.0
8072,mex/tex-mex,IL,60614.0,54244.0
8073,mex/tex-mex,IL,60614.0,54244.0
8074,mex/tex-mex,IL,60608.0,48321.0
8079,mex/tex-mex,IL,60608.0,48321.0
8080,mex/tex-mex,IL,60608.0,48321.0
8087,mex/tex-mex,IL,60613.0,117215.0
8093,mex/tex-mex,IL,60614.0,54244.0
8094,mex/tex-mex,IL,60640.0,62188.0
8101,mex/tex-mex,IL,60647.0,66598.0
8115,mex/tex-mex,IL,60618.0,109819.0
8116,mex/tex-mex,IL,60626.0,42875.0
8119,mex/tex-mex,IL,60613.0,117215.0
8121,mex/tex-mex,IL,60657.0,58437.0
8123,mex/tex-mex,IL,60647.0,66598.0
8127,mex/tex-mex,IL,60647.0,66598.0
8135,mex/tex-mex,IL,60657.0,58437.0
8141,mex/tex-mex,IL,60614.0,54244.0
8147,mex/tex-mex,IL,60602.0,62317.0
8149,mex/tex-mex,IL,60612.0,11398.0
8151,mex/tex-mex,IL,60613.0,117215.0
8156,mex/tex-mex,IL,60647.0,66598.0
8158,mex/tex-mex,IL,60657.0,58437.0
8176,mex/tex-mex,IL,60602.0,62317.0
8182,mex/tex-mex,IL,60639.0,44634.0
8191,mex/tex-mex,IL,60647.0,66598.0
8194,mex/tex-mex,IL,60618.0,109819.0
8199,mex/tex-mex,IL,60625.0,65824.0
8202,mex/tex-mex,IL,60647.0,66598.0
8204,mex/tex-mex,IL,60622.0,65457.0
8208,mex/tex-mex,IL,60640.0,62188.0
8211,mex/tex-mex,IL,60660.0,64803.0
8212,mex/tex-mex,IL,60618.0,109819.0
8214,mex/tex-mex,IL,60622.0,65457.0
8218,mex/tex-mex,IL,60647.0,66598.0
8219,mex/tex-mex,IL,60612.0,11398.0
8231,mex/tex-mex,IL,60647.0,66598.0
8263,mex/tex-mex,IL,60618.0,109819.0
8264,mex/tex-mex,IL,60641.0,38893.0
8266,mex/tex-mex,IL,60657.0,58437.0
8267,mex/tex-mex,IL,60613.0,117215.0
8268,mex/tex-mex,IL,60645.0,58498.0
8272,mex/tex-mex,IL,60618.0,109819.0
8274,mex/tex-mex,IL,60625.0,65824.0
8287,mex/tex-mex,IL,60657.0,58437.0
8288,mex/tex-mex,IL,60657.0,58437.0
8293,mex/tex-mex,IL,60622.0,65457.0
8295,mex/tex-mex,IL,60605.0,15307.0
8301,mex/tex-mex,IL,60614.0,54244.0
8309,mex/tex-mex,IL,60657.0,58437.0
8314,mex/tex-mex,IL,60613.0,117215.0
8320,mex/tex-mex,IL,60647.0,66598.0
8322,mex/tex-mex,IL,60657.0,58437.0
8327,mex/tex-mex,IL,60618.0,109819.0
8329,mex/tex-mex,IL,60641.0,38893.0
8335,mex/tex-mex,IL,60647.0,66598.0
8337,mex/tex-mex,IL,60610.0,97367.0
8351,mex/tex-mex,IL,60613.0,117215.0
8359,mex/tex-mex,IL,60641.0,38893.0
8366,mex/tex-mex,NY,10036.0,0.0
8372,mex/tex-mex,NY,10010.0,151229.0
8374,mex/tex-mex,NY,10016.0,68128.0
8388,mex/tex-mex,NY,10019.0,69242.0
8391,mex/tex-mex,NY,10011.0,100393.0
8423,mex/tex-mex,NY,10002.0,91469.0
8439,mex/tex-mex,NY,10003.0,300000.0
8447,mex/tex-mex,NY,11201.0,105949.0
8453,mex/tex-mex,NY,10003.0,300000.0
8464,mex/tex-mex,NJ,7302.0,40321.0
8467,mex/tex-mex,NY,10038.0,49704.0
8472,mex/tex-mex,NY,10038.0,49704.0
8480,mex/tex-mex,NJ,7302.0,40321.0
8483,mex/tex-mex,NY,10004.0,0.0
8491,mex/tex-mex,NY,10010.0,151229.0
8496,mex/tex-mex,NY,10011.0,100393.0
8501,mex/tex-mex,NY,10013.0,54857.0
8502,mex/tex-mex,NY,10014.0,96567.0
8518,mex/tex-mex,NY,10004.0,0.0
8529,mex/tex-mex,NY,10019.0,69242.0
8550,mex/tex-mex,NY,11106.0,0.0
8558,mex/tex-mex,NY,10029.0,58119.0
8578,mex/tex-mex,NY,10023.0,160021.0
8587,mex/tex-mex,NY,10025.0,300000.0
8599,mex/tex-mex,NY,10024.0,300000.0
8607,mex/tex-mex,NJ,7020.0,300000.0
8612,mex/tex-mex,NY,10025.0,300000.0
8615,mex/tex-mex,NY,10024.0,300000.0
8620,mex/tex-mex,NY,10028.0,35461.0
8635,mex/tex-mex,NY,10029.0,58119.0
8636,mex/tex-mex,NY,10026.0,25997.0
8638,mex/tex-mex,NY,10024.0,300000.0
8639,mex/tex-mex,NY,10029.0,58119.0
8666,mex/tex-mex,NY,10028.0,35461.0
8676,mex/tex-mex,NY,10028.0,35461.0
8689,mex/tex-mex,NY,10031.0,0.0
8691,mex/tex-mex,NY,10032.0,17598.0
8694,mex/tex-mex,NY,10032.0,17598.0
8698,mex/tex-mex,NY,10031.0,0.0
8726,mex/tex-mex,NY,10040.0,76494.0
8732,mex/tex-mex,NY,10034.0,49572.0
8733,mex/tex-mex,NY,10033.0,56347.0
8754,mex/tex-mex,NY,10034.0,49572.0
8789,mex/tex-mex,NY,11101.0,40506.0
8790,mex/tex-mex,NY,11377.0,300000.0
8795,mex/tex-mex,NY,11101.0,40506.0
8809,mex/tex-mex,NY,11105.0,65991.0
8817,mex/tex-mex,NJ,7002.0,42240.0
8819,mex/tex-mex,NJ,7002.0,42240.0
8820,mex/tex-mex,NY,10305.0,91021.0
8825,mex/tex-mex,NY,10305.0,91021.0
8836,mex/tex-mex,NY,10314.0,108326.0
8838,mex/tex-mex,NY,10310.0,38803.0
8841,mex/tex-mex,NJ,7201.0,42072.0
8861,mex/tex-mex,NJ,7201.0,42072.0
8874,mex/tex-mex,NY,10306.0,86687.0
8878,mex/tex-mex,NY,10306.0,86687.0
8894,mex/tex-mex,NY,10304.0,50258.0
8905,mex/tex-mex,NY,10455.0,21900.0
8926,mex/tex-mex,NY,10031.0,0.0
8927,mex/tex-mex,NY,10468.0,36911.0
8939,mex/tex-mex,NY,10460.0,14119.0
8949,mex/tex-mex,NY,10472.0,29713.0
8950,mex/tex-mex,NY,10455.0,21900.0
8951,mex/tex-mex,NY,10462.0,50224.0
8956,mex/tex-mex,NY,10451.0,13246.0
8959,mex/tex-mex,NY,10451.0,13246.0
8965,mex/tex-mex,NY,10453.0,24947.0
8983,mex/tex-mex,NY,10458.0,45215.0
9005,mex/tex-mex,NY,10463.0,24253.0
9039,mex/tex-mex,NY,10462.0,50224.0
9060,mex/tex-mex,NY,10467.0,25840.0
9062,mex/tex-mex,NY,10475.0,41374.0
9063,mex/tex-mex,NY,10465.0,300000.0
9076,mex/tex-mex,NY,10034.0,49572.0
9078,mex/tex-mex,NY,10457.0,19175.0
9081,mex/tex-mex,NY,10034.0,49572.0
9084,mex/tex-mex,NY,10468.0,36911.0
9088,mex/tex-mex,NY,10475.0,41374.0
9089,mex/tex-mex,NY,10475.0,41374.0
9107,mex/tex-mex,NY,10461.0,47243.0
9117,mex/tex-mex,NY,10803.0,212250.0
9119,mex/tex-mex,NY,10471.0,93413.0
9140,mex/tex-mex,NY,10463.0,24253.0
9142,mex/tex-mex,NY,10458.0,45215.0
9144,mex/tex-mex,NY,10463.0,24253.0
9145,mex/tex-mex,NY,10040.0,76494.0
9154,mex/tex-mex,NY,10040.0,76494.0
9175,mex/tex-mex,NY,11356.0,0.0
9183,mex/tex-mex,NY,10801.0,76469.0
9195,mex/tex-mex,NY,11106.0,0.0
9220,mex/tex-mex,NY,10021.0,0.0
9227,mex/tex-mex,NY,11105.0,65991.0
9228,mex/tex-mex,NY,11211.0,87129.0
9248,mex/tex-mex,NY,11106.0,0.0
9251,mex/tex-mex,NY,11377.0,300000.0
9254,mex/tex-mex,NY,11105.0,65991.0
9270,mex/tex-mex,NY,11222.0,63790.0
9271,mex/tex-mex,NY,11105.0,65991.0
9272,mex/tex-mex,NY,11222.0,63790.0
9276,mex/tex-mex,NY,11377.0,300000.0
9283,mex/tex-mex,NY,11237.0,62611.0
9286,mex/tex-mex,NY,11372.0,46396.0
9290,mex/tex-mex,NY,10065.0,118775.0
9305,mex/tex-mex,NY,10029.0,58119.0
9306,mex/tex-mex,NY,11377.0,300000.0
9326,mex/tex-mex,NY,11106.0,0.0
9327,mex/tex-mex,NY,11211.0,87129.0
9348,mex/tex-mex,NY,11211.0,87129.0
9354,mex/tex-mex,NY,11201.0,105949.0
9372,mex/tex-mex,NY,11216.0,43209.0
9379,mex/tex-mex,NY,11234.0,100578.0
9381,mex/tex-mex,NY,11218.0,44950.0
9396,mex/tex-mex,NY,11207.0,19694.0
9398,mex/tex-mex,NY,11223.0,33741.0
9400,mex/tex-mex,NY,11238.0,65566.0
9416,mex/tex-mex,NY,11210.0,48829.0
9449,mex/tex-mex,NY,11229.0,67319.0
9461,mex/tex-mex,NY,11220.0,38931.0
9464,mex/tex-mex,NY,10003.0,300000.0
9467,mex/tex-mex,NY,11211.0,87129.0
9474,mex/tex-mex,NY,11211.0,87129.0
9476,mex/tex-mex,NY,11231.0,120695.0
9477,mex/tex-mex,NY,11238.0,65566.0
9478,mex/tex-mex,NY,10003.0,300000.0
9490,mex/tex-mex,NY,11216.0,43209.0
9503,mex/tex-mex,NY,11216.0,43209.0
9517,mex/tex-mex,NY,11237.0,62611.0
9520,mex/tex-mex,NY,11236.0,73363.0
9524,mex/tex-mex,NY,11379.0,57353.0
9528,mex/tex-mex,NY,11237.0,62611.0
9531,mex/tex-mex,NY,11208.0,52769.0
9551,mex/tex-mex,NY,11385.0,64342.0
9595,mex/tex-mex,NY,11218.0,44950.0
9596,mex/tex-mex,NY,11206.0,52856.0
9615,mex/tex-mex,NY,11206.0,52856.0
9633,mex/tex-mex,NY,11385.0,64342.0
9642,mex/tex-mex,NY,11211.0,87129.0
9647,mex/tex-mex,NY,11210.0,48829.0
9656,mex/tex-mex,NY,11215.0,73722.0
9660,mex/tex-mex,NY,11226.0,32427.0
9662,mex/tex-mex,NY,11238.0,65566.0
9678,mex/tex-mex,NY,11232.0,47512.0
9681,mex/tex-mex,NY,11201.0,105949.0
9683,mex/tex-mex,NY,11218.0,44950.0
9689,mex/tex-mex,NY,11205.0,300000.0
9698,mex/tex-mex,NY,11215.0,73722.0
9706,mex/tex-mex,NY,11211.0,87129.0
9711,mex/tex-mex,NY,11205.0,300000.0
9715,mex/tex-mex,NY,11201.0,105949.0
9722,mex/tex-mex,NY,11238.0,65566.0
9723,mex/tex-mex,NY,11238.0,65566.0
9724,mex/tex-mex,NY,11210.0,48829.0
9732,mex/tex-mex,NY,11214.0,45784.0
9733,mex/tex-mex,NY,11223.0,33741.0
9735,mex/tex-mex,NY,11204.0,51028.0
9739,mex/tex-mex,NY,11231.0,120695.0
9748,mex/tex-mex,NY,11232.0,47512.0
9749,mex/tex-mex,NY,11209.0,95157.0
9750,mex/tex-mex,NY,11209.0,95157.0
9753,mex/tex-mex,NY,11209.0,95157.0
9760,mex/tex-mex,NY,11238.0,65566.0
9766,mex/tex-mex,NY,11231.0,120695.0
9782,mex/tex-mex,NY,11211.0,87129.0
9785,mex/tex-mex,NY,11211.0,87129.0
9797,mex/tex-mex,NY,10010.0,151229.0
9803,mex/tex-mex,NY,11237.0,62611.0
9805,mex/tex-mex,NY,11237.0,62611.0
9807,mex/tex-mex,NY,11215.0,73722.0
9810,mex/tex-mex,NY,11218.0,44950.0
9813,mex/tex-mex,NY,11215.0,73722.0
9819,mex/tex-mex,NY,11218.0,44950.0
9826,mex/tex-mex,NY,11219.0,27801.0
9844,mex/tex-mex,NY,11205.0,300000.0
9847,mex/tex-mex,NY,10004.0,0.0
9850,mex/tex-mex,NY,10004.0,0.0
9851,mex/tex-mex,NY,10038.0,49704.0
9859,mex/tex-mex,NY,11201.0,105949.0
9863,mex/tex-mex,NY,11230.0,48180.0
9868,mex/tex-mex,NY,11221.0,45627.0
9877,mex/tex-mex,NY,11385.0,64342.0
9878,mex/tex-mex,NY,11236.0,73363.0
9879,mex/tex-mex,NY,11385.0,64342.0
9884,mex/tex-mex,NY,11206.0,52856.0
9886,mex/tex-mex,NY,11211.0,87129.0
9889,mex/tex-mex,NY,11379.0,57353.0
9898,mex/tex-mex,NY,11206.0,52856.0
9905,mex/tex-mex,NY,11375.0,103910.0
9925,mex/tex-mex,NY,11375.0,103910.0
9944,mex/tex-mex,NY,11358.0,74232.0
9952,mex/tex-mex,NY,11369.0,300000.0
9957,mex/tex-mex,NY,11375.0,103910.0
9963,mex/tex-mex,NY,11372.0,46396.0
9966,mex/tex-mex,NY,11378.0,49897.0
9967,mex/tex-mex,NY,11377.0,300000.0
9976,mex/tex-mex,NY,11375.0,103910.0
9982,mex/tex-mex,NY,11377.0,300000.0
9983,mex/tex-mex,NY,11373.0,28666.0
9987,mex/tex-mex,NY,11385.0,64342.0
9989,mex/tex-mex,NY,11375.0,103910.0
9994,mex/tex-mex,NY,11377.0,300000.0
9996,mex/tex-mex,NY,11237.0,62611.0
9998,mex/tex-mex,NY,11237.0,62611.0
9999,mex/tex-mex,NY,11237.0,62611.0
10007,mex/tex-mex,NY,11237.0,62611.0
10012,mex/tex-mex,NY,11372.0,46396.0
10014,mex/tex-mex,NY,11207.0,19694.0
10022,mex/tex-mex,NY,11373.0,28666.0
10047,mex/tex-mex,NY,11208.0,52769.0
10051,mex/tex-mex,NY,11421.0,93891.0
10074,mex/tex-mex,TN,24201.0,25864.0
10112,mex/tex-mex,TN,37217.0,27852.0
10134,mex/tex-mex,TN,37013.0,43894.0
10164,mex/tex-mex,TN,37027.0,121721.0
10175,mex/tex-mex,TN,37027.0,121721.0
10182,mex/tex-mex,TN,37027.0,121721.0
10192,mex/tex-mex,TN,37027.0,121721.0
10196,mex/tex-mex,TN,37027.0,121721.0
10198,mex/tex-mex,TN,37027.0,121721.0
10200,mex/tex-mex,TN,37043.0,48077.0
10213,mex/tex-mex,TN,37043.0,48077.0
10217,mex/tex-mex,TN,37043.0,48077.0
10223,mex/tex-mex,TN,37042.0,52917.0
10236,mex/tex-mex,TN,37066.0,57335.0
10241,mex/tex-mex,TN,37066.0,57335.0
10260,mex/tex-mex,TN,37075.0,101195.0
10271,mex/tex-mex,TN,37167.0,79894.0
10274,mex/tex-mex,TN,37167.0,79894.0
10288,mex/tex-mex,TN,37214.0,76631.0
10289,mex/tex-mex,TN,37216.0,38760.0
10299,mex/tex-mex,TN,37203.0,23571.0
10307,mex/tex-mex,TN,37203.0,23571.0
10319,mex/tex-mex,TN,37212.0,0.0
10327,mex/tex-mex,TN,37203.0,23571.0
10332,mex/tex-mex,TN,37203.0,23571.0
10343,mex/tex-mex,TN,37204.0,54579.0
10346,mex/tex-mex,TN,37211.0,300000.0
10347,mex/tex-mex,TN,37203.0,23571.0
10360,mex/tex-mex,TN,37204.0,54579.0
10366,mex/tex-mex,TN,37203.0,23571.0
10372,mex/tex-mex,TN,37203.0,23571.0
10399,mex/tex-mex,TN,37203.0,23571.0
10403,mex/tex-mex,TN,37207.0,22611.0
10408,mex/tex-mex,TN,37209.0,48481.0
10419,mex/tex-mex,TN,37206.0,300000.0
10434,mex/tex-mex,TN,37215.0,129747.0
10440,mex/tex-mex,TN,37204.0,54579.0
10443,mex/tex-mex,TN,37216.0,38760.0
10453,mex/tex-mex,TX,75006.0,79305.0
10455,mex/tex-mex,TX,75006.0,79305.0
10458,mex/tex-mex,TX,75001.0,70948.0
10461,mex/tex-mex,TX,75244.0,151318.0
10470,mex/tex-mex,TX,75248.0,86387.0
10471,mex/tex-mex,TX,75001.0,70948.0
10477,mex/tex-mex,TX,75006.0,79305.0
10501,mex/tex-mex,TX,75002.0,169040.0
10504,mex/tex-mex,TX,75002.0,169040.0
10506,mex/tex-mex,TX,75098.0,84934.0
10509,mex/tex-mex,TX,75002.0,169040.0
10523,mex/tex-mex,TX,75006.0,79305.0
10524,mex/tex-mex,TX,75006.0,79305.0
10526,mex/tex-mex,TX,75006.0,79305.0
10536,mex/tex-mex,TX,75234.0,74707.0
10544,mex/tex-mex,TX,75234.0,74707.0
10548,mex/tex-mex,TX,75234.0,74707.0
10560,mex/tex-mex,TX,75006.0,79305.0
10563,mex/tex-mex,TX,75007.0,65585.0
10580,mex/tex-mex,TX,75007.0,65585.0
10582,mex/tex-mex,TX,75007.0,65585.0
10591,mex/tex-mex,TX,75287.0,32230.0
10592,mex/tex-mex,TX,75010.0,82207.0
10595,mex/tex-mex,TX,75006.0,79305.0
10602,mex/tex-mex,TX,75056.0,300000.0
10604,mex/tex-mex,TX,75056.0,300000.0
10609,mex/tex-mex,TX,75056.0,300000.0
10611,mex/tex-mex,TX,75056.0,300000.0
10618,mex/tex-mex,TX,75056.0,300000.0
10633,mex/tex-mex,TX,75015.0,34086.0
10639,mex/tex-mex,TX,75006.0,79305.0
10679,mex/tex-mex,TX,75063.0,73694.0
10684,mex/tex-mex,TX,75019.0,300000.0
10691,mex/tex-mex,TX,75019.0,300000.0
10711,mex/tex-mex,TX,75019.0,300000.0
10712,mex/tex-mex,TX,75063.0,73694.0
10716,mex/tex-mex,TX,75063.0,73694.0
10721,mex/tex-mex,TX,75063.0,73694.0
10722,mex/tex-mex,TX,75067.0,300000.0
10729,mex/tex-mex,TX,75028.0,75687.0
10741,mex/tex-mex,TX,75022.0,125217.0
10744,mex/tex-mex,TX,75022.0,125217.0
10745,mex/tex-mex,TX,75028.0,75687.0
10756,mex/tex-mex,TX,75075.0,26215.0
10765,mex/tex-mex,TX,75075.0,26215.0
10775,mex/tex-mex,TX,75024.0,93054.0
10778,mex/tex-mex,TX,75074.0,105287.0
10785,mex/tex-mex,TX,75074.0,105287.0
10789,mex/tex-mex,TX,75074.0,105287.0
10794,mex/tex-mex,TX,75075.0,26215.0
10810,mex/tex-mex,TX,75025.0,300000.0
10812,mex/tex-mex,TX,75024.0,93054.0
10814,mex/tex-mex,TX,75024.0,93054.0
10817,mex/tex-mex,TX,75035.0,300000.0
10826,mex/tex-mex,TX,75024.0,93054.0
10832,mex/tex-mex,TX,75034.0,300000.0
10838,mex/tex-mex,TX,75093.0,93560.0
10840,mex/tex-mex,TX,75093.0,93560.0
10866,mex/tex-mex,TX,75035.0,300000.0
10876,mex/tex-mex,TX,75023.0,300000.0
10883,mex/tex-mex,TX,75077.0,300000.0
10887,mex/tex-mex,TX,75077.0,300000.0
10892,mex/tex-mex,TX,75028.0,75687.0
10897,mex/tex-mex,TX,75002.0,169040.0
10906,mex/tex-mex,TX,75067.0,300000.0
10912,mex/tex-mex,TX,75077.0,300000.0
10913,mex/tex-mex,TX,75067.0,300000.0
10914,mex/tex-mex,TX,75067.0,300000.0
10920,mex/tex-mex,TX,75067.0,300000.0
10928,mex/tex-mex,TX,75067.0,300000.0
10933,mex/tex-mex,TX,75077.0,300000.0
10934,mex/tex-mex,TX,75057.0,100153.0
10936,mex/tex-mex,TX,75057.0,100153.0
10940,mex/tex-mex,TX,75034.0,300000.0
10942,mex/tex-mex,TX,75034.0,300000.0
10943,mex/tex-mex,TX,75035.0,300000.0
10954,mex/tex-mex,TX,75068.0,42947.0
10957,mex/tex-mex,TX,75034.0,300000.0
10987,mex/tex-mex,TX,75035.0,300000.0
11008,mex/tex-mex,TX,75034.0,300000.0
11015,mex/tex-mex,TX,75039.0,0.0
11034,mex/tex-mex,TX,75063.0,73694.0
11047,mex/tex-mex,TX,75062.0,300000.0
11048,mex/tex-mex,TX,75063.0,73694.0
11058,mex/tex-mex,TX,75040.0,63817.0
11060,mex/tex-mex,TX,75040.0,63817.0
11073,mex/tex-mex,TX,75040.0,63817.0
11078,mex/tex-mex,TX,75044.0,56935.0
11086,mex/tex-mex,TX,75042.0,24891.0
11099,mex/tex-mex,TX,75042.0,24891.0
11100,mex/tex-mex,TX,75040.0,63817.0
11105,mex/tex-mex,TX,75040.0,63817.0
11110,mex/tex-mex,TX,75218.0,55994.0
11111,mex/tex-mex,TX,75043.0,62805.0
11119,mex/tex-mex,TX,75041.0,37138.0
11120,mex/tex-mex,TX,75228.0,32787.0
11121,mex/tex-mex,TX,75041.0,37138.0
11122,mex/tex-mex,TX,75041.0,37138.0
11123,mex/tex-mex,TX,75041.0,37138.0
11125,mex/tex-mex,TX,75218.0,55994.0
11132,mex/tex-mex,TX,75238.0,34726.0
11151,mex/tex-mex,TX,75243.0,0.0
11160,mex/tex-mex,TX,75243.0,0.0
11162,mex/tex-mex,TX,75081.0,83502.0
11164,mex/tex-mex,TX,75081.0,83502.0
11165,mex/tex-mex,TX,75040.0,63817.0
11169,mex/tex-mex,TX,75042.0,24891.0
11181,mex/tex-mex,TX,75238.0,34726.0
11201,mex/tex-mex,TX,75043.0,62805.0
11215,mex/tex-mex,TX,75040.0,63817.0
11216,mex/tex-mex,TX,75040.0,63817.0
11220,mex/tex-mex,TX,75040.0,63817.0
11224,mex/tex-mex,TX,75044.0,56935.0
11228,mex/tex-mex,TX,75060.0,31748.0
11235,mex/tex-mex,TX,75050.0,34200.0
11238,mex/tex-mex,TX,75050.0,34200.0
11239,mex/tex-mex,TX,75060.0,31748.0
11249,mex/tex-mex,TX,75052.0,104518.0
11265,mex/tex-mex,TX,75051.0,46591.0
11266,mex/tex-mex,TX,75052.0,104518.0
11275,mex/tex-mex,TX,75052.0,104518.0
11276,mex/tex-mex,TX,75051.0,46591.0
11315,mex/tex-mex,TX,75056.0,300000.0
11323,mex/tex-mex,TX,75056.0,300000.0
11326,mex/tex-mex,TX,75056.0,300000.0
11329,mex/tex-mex,TX,77840.0,21529.0
11337,mex/tex-mex,TX,75067.0,300000.0
11338,mex/tex-mex,TX,75057.0,100153.0
11356,mex/tex-mex,TX,75061.0,52672.0
11375,mex/tex-mex,TX,75062.0,300000.0
11379,mex/tex-mex,TX,75062.0,300000.0
11382,mex/tex-mex,TX,75062.0,300000.0
11384,mex/tex-mex,TX,75062.0,300000.0
11386,mex/tex-mex,TX,75062.0,300000.0
11388,mex/tex-mex,TX,75062.0,300000.0
11398,mex/tex-mex,TX,75062.0,300000.0
11399,mex/tex-mex,TX,75060.0,31748.0
11402,mex/tex-mex,TX,75039.0,0.0
11411,mex/tex-mex,TX,75062.0,300000.0
11414,mex/tex-mex,TX,75063.0,73694.0
11429,mex/tex-mex,TX,75063.0,73694.0
11431,mex/tex-mex,TX,75063.0,73694.0
11449,mex/tex-mex,TX,75019.0,300000.0
11453,mex/tex-mex,TX,75067.0,300000.0
11473,mex/tex-mex,TX,75070.0,101768.0
11478,mex/tex-mex,TX,75070.0,101768.0
11480,mex/tex-mex,TX,75078.0,94555.0
11483,mex/tex-mex,TX,75071.0,82641.0
11506,mex/tex-mex,TX,75069.0,59038.0
11515,mex/tex-mex,TX,75074.0,105287.0
11522,mex/tex-mex,TX,75074.0,105287.0
11532,mex/tex-mex,TX,75074.0,105287.0
11540,mex/tex-mex,TX,75074.0,105287.0
11548,mex/tex-mex,TX,75252.0,300000.0
11551,mex/tex-mex,TX,75080.0,62412.0
11552,mex/tex-mex,TX,75252.0,300000.0
11555,mex/tex-mex,TX,75080.0,62412.0
11560,mex/tex-mex,TX,75080.0,62412.0
11562,mex/tex-mex,TX,75075.0,26215.0
11579,mex/tex-mex,TX,75028.0,75687.0
11581,mex/tex-mex,TX,75065.0,77070.0
11582,mex/tex-mex,TX,75077.0,300000.0
11588,mex/tex-mex,TX,75065.0,77070.0
11589,mex/tex-mex,TX,75067.0,300000.0
11595,mex/tex-mex,TX,75080.0,62412.0
11609,mex/tex-mex,TX,75075.0,26215.0
11635,mex/tex-mex,TX,75080.0,62412.0
11643,mex/tex-mex,TX,75042.0,24891.0
11645,mex/tex-mex,TX,75243.0,0.0
11646,mex/tex-mex,TX,75081.0,83502.0
11648,mex/tex-mex,TX,75081.0,83502.0
11655,mex/tex-mex,TX,75087.0,300000.0
11658,mex/tex-mex,TX,75087.0,300000.0
11665,mex/tex-mex,TX,75093.0,93560.0
11673,mex/tex-mex,TX,75252.0,300000.0
11678,mex/tex-mex,TX,75093.0,93560.0
11689,mex/tex-mex,TX,75093.0,93560.0
11691,mex/tex-mex,TX,75093.0,93560.0
11728,mex/tex-mex,TX,75116.0,47424.0
11730,mex/tex-mex,TX,75116.0,47424.0
11739,mex/tex-mex,TX,75150.0,66697.0
11743,mex/tex-mex,TX,75149.0,43792.0
11768,mex/tex-mex,TX,75180.0,55512.0
11779,mex/tex-mex,TX,75043.0,62805.0
11788,mex/tex-mex,TX,75043.0,62805.0
11812,mex/tex-mex,TX,75208.0,43461.0
11832,mex/tex-mex,TX,75219.0,126166.0
11833,mex/tex-mex,TX,75208.0,43461.0
11839,mex/tex-mex,TX,75235.0,55033.0
11856,mex/tex-mex,TX,75208.0,43461.0
11859,mex/tex-mex,TX,75208.0,43461.0
11862,mex/tex-mex,TX,75212.0,27521.0
11873,mex/tex-mex,TX,75208.0,43461.0
11880,mex/tex-mex,TX,75208.0,43461.0
11883,mex/tex-mex,TX,75201.0,74606.0
11893,mex/tex-mex,TX,75214.0,64156.0
11908,mex/tex-mex,TX,75206.0,81177.0
11927,mex/tex-mex,TX,75204.0,84399.0
11931,mex/tex-mex,TX,75205.0,215868.0
11932,mex/tex-mex,TX,75219.0,126166.0
11936,mex/tex-mex,TX,75205.0,215868.0
11940,mex/tex-mex,TX,75235.0,55033.0
11944,mex/tex-mex,TX,75204.0,84399.0
11947,mex/tex-mex,TX,75206.0,81177.0
11948,mex/tex-mex,TX,75206.0,81177.0
11954,mex/tex-mex,TX,75214.0,64156.0
11959,mex/tex-mex,TX,75206.0,81177.0
11970,mex/tex-mex,TX,75206.0,81177.0
11984,mex/tex-mex,TX,75211.0,23286.0
11987,mex/tex-mex,TX,75201.0,74606.0
11992,mex/tex-mex,TX,75204.0,84399.0
11995,mex/tex-mex,TX,75212.0,27521.0
11999,mex/tex-mex,TX,75233.0,22560.0
12003,mex/tex-mex,TX,75208.0,43461.0
12017,mex/tex-mex,TX,75235.0,55033.0
12024,mex/tex-mex,TX,75204.0,84399.0
12029,mex/tex-mex,TX,75220.0,39393.0
12032,mex/tex-mex,TX,75219.0,126166.0
12033,mex/tex-mex,TX,75235.0,55033.0
12034,mex/tex-mex,TX,75220.0,39393.0
12035,mex/tex-mex,TX,75235.0,55033.0
12040,mex/tex-mex,TX,75209.0,44734.0
12045,mex/tex-mex,TX,75219.0,126166.0
12047,mex/tex-mex,TX,75220.0,39393.0
12052,mex/tex-mex,TX,75201.0,74606.0
12057,mex/tex-mex,TX,75218.0,55994.0
12058,mex/tex-mex,TX,75206.0,81177.0
12067,mex/tex-mex,TX,75223.0,35556.0
12070,mex/tex-mex,TX,75214.0,64156.0
12076,mex/tex-mex,TX,75231.0,26723.0
12081,mex/tex-mex,TX,75201.0,74606.0
12082,mex/tex-mex,TX,75201.0,74606.0
12106,mex/tex-mex,TX,75209.0,44734.0
12112,mex/tex-mex,TX,75220.0,39393.0
12118,mex/tex-mex,TX,75220.0,39393.0
12128,mex/tex-mex,TX,75206.0,81177.0
12137,mex/tex-mex,TX,75205.0,215868.0
12139,mex/tex-mex,TX,75205.0,215868.0
12140,mex/tex-mex,TX,75206.0,81177.0
12141,mex/tex-mex,TX,75205.0,215868.0
12143,mex/tex-mex,TX,75225.0,300000.0
12151,mex/tex-mex,TX,75231.0,26723.0
12152,mex/tex-mex,TX,75230.0,108288.0
12154,mex/tex-mex,TX,75243.0,0.0
12156,mex/tex-mex,TX,75209.0,44734.0
12159,mex/tex-mex,TX,75231.0,26723.0
12163,mex/tex-mex,TX,75230.0,108288.0
12181,mex/tex-mex,TX,75244.0,151318.0
12186,mex/tex-mex,TX,75240.0,71788.0
12199,mex/tex-mex,TX,75231.0,26723.0
12204,mex/tex-mex,TX,75231.0,26723.0
12210,mex/tex-mex,TX,75243.0,0.0
12213,mex/tex-mex,TX,75231.0,26723.0
12214,mex/tex-mex,TX,75238.0,34726.0
12224,mex/tex-mex,TX,75220.0,39393.0
12235,mex/tex-mex,TX,75219.0,126166.0
12266,mex/tex-mex,TX,75248.0,86387.0
12276,mex/tex-mex,TX,75231.0,26723.0
12291,mex/tex-mex,TX,75001.0,70948.0
12294,mex/tex-mex,TX,75230.0,108288.0
12296,mex/tex-mex,TX,75234.0,74707.0
12300,mex/tex-mex,TX,75001.0,70948.0
12309,mex/tex-mex,TX,75006.0,79305.0
12313,mex/tex-mex,TX,75246.0,26736.0
12324,mex/tex-mex,TX,75252.0,300000.0
12328,mex/tex-mex,TX,75240.0,71788.0
12329,mex/tex-mex,TX,75244.0,151318.0
12330,mex/tex-mex,TX,75240.0,71788.0
12332,mex/tex-mex,TX,75240.0,71788.0
12339,mex/tex-mex,TX,75287.0,32230.0
12350,mex/tex-mex,TX,75093.0,93560.0
12358,mex/tex-mex,TX,75080.0,62412.0
12374,mex/tex-mex,TX,77429.0,70037.0
12375,mex/tex-mex,TX,77095.0,41168.0
12388,mex/tex-mex,TX,77429.0,70037.0
12407,mex/tex-mex,TX,77095.0,41168.0
12413,mex/tex-mex,TX,77095.0,41168.0
12416,mex/tex-mex,TX,77429.0,70037.0
12418,mex/tex-mex,TX,77035.0,71137.0
12423,mex/tex-mex,TX,77096.0,133447.0
12440,mex/tex-mex,TX,77081.0,21377.0
12454,mex/tex-mex,TX,77081.0,21377.0
12457,mex/tex-mex,TX,77081.0,21377.0
12459,mex/tex-mex,TX,77005.0,300000.0
12465,mex/tex-mex,TX,77036.0,20792.0
12475,mex/tex-mex,TX,77098.0,172493.0
12478,mex/tex-mex,TX,77019.0,55778.0
12481,mex/tex-mex,TX,77007.0,86219.0
12488,mex/tex-mex,TX,77019.0,55778.0
12490,mex/tex-mex,TX,77098.0,172493.0
12507,mex/tex-mex,TX,77030.0,102799.0
12508,mex/tex-mex,TX,77005.0,300000.0
12533,mex/tex-mex,TX,77477.0,56852.0
12538,mex/tex-mex,TX,77477.0,56852.0
12545,mex/tex-mex,TX,77072.0,300000.0
12552,mex/tex-mex,TX,77031.0,57194.0
12569,mex/tex-mex,TX,77045.0,50593.0
12573,mex/tex-mex,TX,77035.0,71137.0
12592,mex/tex-mex,TX,77304.0,64826.0
12598,mex/tex-mex,TX,77304.0,64826.0
12604,mex/tex-mex,TX,77301.0,56057.0
12605,mex/tex-mex,TX,77301.0,56057.0
12615,mex/tex-mex,TX,77301.0,56057.0
12621,mex/tex-mex,TX,77301.0,56057.0
12628,mex/tex-mex,TX,77304.0,64826.0
12637,mex/tex-mex,TX,77304.0,64826.0
12638,mex/tex-mex,TX,77304.0,64826.0
12651,mex/tex-mex,TX,77338.0,60475.0
12656,mex/tex-mex,TX,77338.0,60475.0
12686,mex/tex-mex,TX,77338.0,60475.0
12687,mex/tex-mex,TX,77338.0,60475.0
12688,mex/tex-mex,TX,77032.0,51439.0
12699,mex/tex-mex,TX,77032.0,51439.0
12700,mex/tex-mex,TX,77338.0,60475.0
12727,mex/tex-mex,TX,77345.0,86673.0
12734,mex/tex-mex,TX,77339.0,96054.0
12750,mex/tex-mex,TX,77346.0,68943.0
12751,mex/tex-mex,TX,77338.0,60475.0
12777,mex/tex-mex,TX,77379.0,48975.0
12782,mex/tex-mex,TX,77375.0,136637.0
12790,mex/tex-mex,TX,77379.0,48975.0
12801,mex/tex-mex,TX,77070.0,65430.0
12818,mex/tex-mex,TX,77070.0,65430.0
12819,mex/tex-mex,TX,77379.0,48975.0
12834,mex/tex-mex,TX,77386.0,58424.0
12847,mex/tex-mex,TX,77381.0,74749.0
12855,mex/tex-mex,TX,77380.0,300000.0
12880,mex/tex-mex,TX,77381.0,74749.0
12885,mex/tex-mex,TX,77380.0,300000.0
12886,mex/tex-mex,TX,77382.0,121972.0
12904,mex/tex-mex,TX,77381.0,74749.0
12905,mex/tex-mex,TX,77381.0,74749.0
12926,mex/tex-mex,TX,77385.0,90121.0
12927,mex/tex-mex,TX,77385.0,90121.0
12942,mex/tex-mex,TX,77090.0,29351.0
12950,mex/tex-mex,TX,77389.0,300000.0
12955,mex/tex-mex,TX,77388.0,109613.0
12981,mex/tex-mex,TX,77056.0,45189.0
12986,mex/tex-mex,TX,77057.0,59601.0
12998,mex/tex-mex,TX,77081.0,21377.0
13000,mex/tex-mex,TX,77057.0,59601.0
13016,mex/tex-mex,TX,77429.0,70037.0
13023,mex/tex-mex,TX,77429.0,70037.0
13026,mex/tex-mex,TX,77429.0,70037.0
13038,mex/tex-mex,TX,77450.0,102269.0
13039,mex/tex-mex,TX,77084.0,300000.0
13053,mex/tex-mex,TX,77449.0,300000.0
13062,mex/tex-mex,TX,77450.0,102269.0
13076,mex/tex-mex,TX,77450.0,102269.0
13078,mex/tex-mex,TX,77450.0,102269.0
13079,mex/tex-mex,TX,77450.0,102269.0
13083,mex/tex-mex,TX,77449.0,300000.0
13108,mex/tex-mex,TX,77099.0,30582.0
13120,mex/tex-mex,TX,77478.0,80183.0
13129,mex/tex-mex,TX,77478.0,80183.0
13136,mex/tex-mex,TX,77479.0,67678.0
13140,mex/tex-mex,TX,77478.0,80183.0
13144,mex/tex-mex,TX,77477.0,56852.0
13164,mex/tex-mex,TX,77478.0,80183.0
13165,mex/tex-mex,TX,77478.0,80183.0
13166,mex/tex-mex,TX,77479.0,67678.0
13167,mex/tex-mex,TX,77494.0,141709.0
13168,mex/tex-mex,TX,77494.0,141709.0
13178,mex/tex-mex,TX,77017.0,47364.0
13208,mex/tex-mex,TX,77034.0,39263.0
13212,mex/tex-mex,TX,77504.0,78790.0
13221,mex/tex-mex,TX,77502.0,34116.0
13229,mex/tex-mex,TX,77502.0,34116.0
13230,mex/tex-mex,TX,77502.0,34116.0
13231,mex/tex-mex,TX,77034.0,39263.0
13246,mex/tex-mex,TX,77573.0,91692.0
