Name,Type,Address,Zip Code
"('Chick-fil-A',)",hotdogs,"('1541 County Road 220',)","('32003',)"
"('Chipotle Mexican Grill',)",hotdogs,"('1607 County Rd 220',)","('32003',)"
"('Sonic Drive-In',)",hotdogs,"('1801 Town Center Blvd',)","('32003',)"
"(""Zaxby's Chicken Fingers & Buffalo Wings"",)",hotdogs,"('1525 County Road 220',)","('32003',)"
"('Tijuana Flats',)",mexican,"('1647 CR 220',)","('32003',)"
"('Five Guys',)",burgers,"('1571 County Rd 220',)","('32003',)"
"(""Wendy's"",)",hotdogs,"('1575 Island Lane',)","('32003',)"
"('Sushi Cafe',)",sushi,"('5000 County Rd 220',)","('32003',)"
"('Firehouse Subs',)",sandwiches,"('1581 Cr 220',)","('32003',)"
"('Taco Bell',)",hotdogs,"('1635 CR 220',)","('32003',)"
"(""McDonald's"",)",burgers,"('5000 US Hwy 17',)","('32003',)"
"('The Loop Pizza Grill',)",salad,"('1960 E West Pkwy',)","('32003',)"
"('Pizza Hut',)",pizza,"('5000 US Hwy 17 S',)","('32003',)"
"('Papa Johns Pizza',)",pizza,"('4315 US Hwy 17',)","('32003',)"
"(""Chili's"",)",bars,"('2005 E West Pkwy',)","('32003',)"
"('Burger King',)",burgers,"('4319 Hwy 17',)","('32003',)"
"('Margaritas',)",mexican,"('3535 US Hwy 17',)","('32003',)"
"(""Hardee's"",)",hotdogs,"('542309 US Hwy 1',)","('32011',)"
"(""Wendy's"",)",burgers,"('542285 US Hwy 1',)","('32011',)"
"(""McDonald's"",)",hotdogs,"('542361 US Hwy 1',)","('32011',)"
"('Burger King',)",burgers,"('542370 US Hwy 1',)","('32011',)"
"('Popeyes',)",hotdogs,"('450047 State Rd 200',)","('32011',)"
"(""Domino's Pizza"",)",pizza,"('450092 State Road 200',)","('32011',)"
"('Burger King',)",burgers,"('1856 S Kings Rd',)","('32011',)"
"('Sonic Drive-In',)",hotdogs,"('463939 Sr 200 A1A',)","('32097',)"
"('Firehouse Subs',)",sandwiches,"('1978 S 8th St',)","('32034',)"
"('Huddle House',)",breakfast_brunch,"('463949 State Road 200',)","('32097',)"
"('Tropical Smoothie Cafe',)",juicebars,"('463909 Sr 200',)","('32097',)"
"('Panera Bread',)",salad,"('463861 State Road 200',)","('32097',)"
"('Parkway Grille Inc',)",breakfast_brunch,"('5517 S Fletcher Ave',)","('32034',)"
"('Chipotle Mexican Grill',)",mexican,"('463913 E State Road 200',)","('32097',)"
"('Burger King',)",burgers,"('1940 S 8th St',)","('32034',)"
"('Subway',)",sandwiches,"('1722 S 8th St 7',)","('32034',)"
"('Waffle House',)",breakfast_brunch,"('1495 S 6th St',)","('32063',)"
"('Pizza Hut',)",pizza,"('1202 S 6th St',)","('32063',)"
"('Taco Bell',)",mexican,"('1215 S 6th St',)","('32063',)"
"('Pizza Hut',)",pizza,"('625 S Ohio Ave',)","('32060',)"
"(""Wendy's"",)",burgers,"('Highway 129 N',)","('32060',)"
"('Burger King',)",burgers,"('6458 US Highway 129',)","('32060',)"
"(""Wendy's"",)",burgers,"('6691 Us Hwy. 129',)","('32060',)"
"('Circle K',)",convenience,"('804 Blanding Blvd',)","('32065',)"
"('Papa Johns Pizza',)",pizza,"('950 Blanding Blvd',)","('32065',)"
"('Burger King',)",burgers,"('1092 Blanding Blvd',)","('32065',)"
"('Circle K',)",convenience,"('338 College Dr',)","('32065',)"
"('Panda Express',)",chinese,"('901 Blanding Blvd.',)","('32065',)"
"('Pizza Hut',)",pizza,"('868 Blanding Blvd',)","('32065',)"
"(""McDonald's"",)",hotdogs,"('899 Blanding Blvd',)","('32065',)"
"('Wawa',)",coffee,"('1563 Blanding Blvd',)","('32068',)"
"('Subway',)",sandwiches,"('1543 Blanding Blvd',)","('32068',)"
"('Whataburger',)",burgers,"('1778 Blanding Blvd',)","('32068',)"
"('Papa Johns Pizza',)",pizza,"('2696 Blanding Blvd',)","('32068',)"
"('Pizza Hut',)",pizza,"('2475 Blanding Blvd',)","('32068',)"
"('Steak ’n Shake',)",hotdogs,"('1681 Wells Rd',)","('32073',)"
"('Charleys Cheesesteaks',)",sandwiches,"('1910 Wells Rd',)","('32073',)"
"('Panda Express',)",chinese,"('1907 Well Road',)","('32073',)"
"(""Culver's"",)",burgers,"('7923 Parramore Rd',)","('32244',)"
"('Taco Bell',)",hotdogs,"('54 Blanding Blvd',)","('32073',)"
"('Chipotle Mexican Grill',)",hotdogs,"('8635 Blanding Blvd',)","('32244',)"
"('Pizza Hut',)",pizza,"('2285 Kingsley Ave',)","('32073',)"
"(""Arby's"",)",hotdogs,"('896 Blanding Blvd',)","('32065',)"
"('KFC',)",hotdogs,"('17 Blanding Blvd',)","('32073',)"
"(""Wendy's"",)",hotdogs,"('6021 Argyle Forest Blvd.',)","('32244',)"
"('Mission BBQ',)",tradamerican,"('8440 Blanding Blvd',)","('32244',)"
"('Firehouse Subs',)",sandwiches,"('2285-B Kingsley Ave',)","('32073',)"
"('Sonic Drive-In',)",hotdogs,"('908 Blanding Blvd',)","('32065',)"
"('Philly Connection',)",sandwiches,"('6001 Argyle Forest Blvd',)","('32244',)"
"('Firehouse Subs',)",sandwiches,"('36B Blanding Blvd',)","('32073',)"
"(""Grumpy's Restaurant"",)",breakfast_brunch,"('834 Kingsley Ave',)","('32073',)"
"(""Larry's Giant Subs"",)",sandwiches,"('8102 Blanding Blvd',)","('32244',)"
"('Circle K',)",convenience,"('804 Blanding Blvd',)","('32065',)"
"(""Captain D's"",)",seafood,"('318 Blanding Blvd',)","('32073',)"
"('Circle K',)",servicestations,"('8496 Blanding Blvd',)","('32244',)"
"('IHOP',)",breakfast_brunch,"('315 Blanding Blvd',)","('32073',)"
"('Little Caesars',)",pizza,"('1690 Wells Rd',)","('32073',)"
"('Chick-fil-A',)",hotdogs,"('1910 Wells Rd',)","('32073',)"
"('Popeyes Louisiana Kitchen',)",hotdogs,"('7762 Argyle Forest Blvd',)","('32244',)"
"(""McDonald's"",)",burgers,"('372 Blanding Blvd',)","('32073',)"
"('Taco Bell',)",hotdogs,"('938 Blanding Blvd',)","('32065',)"
"('Dairy Queen Grill & Chill',)",hotdogs,"('348 Blanding Blvd',)","('32073',)"
"('One Night Taco Stand',)",tacos,"('1861 Wells Rd',)","('32073',)"
"(""Jersey Mike's Subs"",)",hotdogs,"('410 Blanding Blvd',)","('32073',)"
"('Kravegan Where Food Is Love',)",vegan,"('1910 Wells Rd Food Court',)","('32073',)"
"('Taco Bell',)",tex-mex,"('Orange Park Mall',)","('32073',)"
"('Burger King',)",burgers,"('1680 Wells Rd',)","('32073',)"
"('The Sheik Sandwiches No 7',)",sandwiches,"('1994 Kingsley Ave',)","('32073',)"
"(""McDonald's"",)",hotdogs,"('1083 Blanding Blvd',)","('32065',)"
"('Circle K',)",convenience,"('1890 Kingsley Ave',)","('32073',)"
"('The Jeepney Stop',)",filipino,"('6625 Argyle Forest Blvd',)","('32244',)"
"('Krystal',)",hotdogs,"('337 Park Ave',)","('32073',)"
"('Bite Me Hotdogs and More',)",hotdog,"('1022 Blanding Blvd',)","('32073',)"
"(""Jersey Mike's Subs"",)",hotdogs,"('7091 Collins Rd',)","('32244',)"
"(""Wendy's"",)",burgers,"('753 Park St.',)","('32073',)"
"('Papa Johns Pizza',)",pizza,"('950 Blanding Blvd',)","('32065',)"
"('Dairy Queen',)",icecream,"('610 Kingsley Ave',)","('32073',)"
"(""McDonald's"",)",hotdogs,"('428 Park Ave',)","('32073',)"
"('Panda Express',)",chinese,"('901 Blanding Blvd.',)","('32065',)"
"('Pizza Hut',)",pizza,"('868 Blanding Blvd',)","('32065',)"
"('The Urban Bean Coffeehouse Cafe',)",coffee,"('2023 Park Ave',)","('32073',)"
"(""Wendy's"",)",hotdogs,"('1110 Blanding Blvd',)","('32065',)"
"('Pizza Hut',)",pizza,"('8102 Blanding Blvd',)","('32244',)"
"('Papa Johns Pizza',)",pizza,"('4315 US Hwy 17',)","('32003',)"
"(""McDonald's"",)",hotdogs,"('7784 Blanding Blvd',)","('32244',)"
"('Papa Johns Pizza',)",pizza,"('801 S Ponce De Leon Blvd',)","('32084',)"
"('Circle K',)",servicestations,"('4564 US Hwy 1 N',)","('32095',)"
"(""Jimmy John's"",)",sandwiches,"('1000 South Ponce De Leon Blvd',)","('32084',)"
"('Circle K',)",convenience,"('800 S Ponce De Leon Blvd',)","('32084',)"
"('Subway',)",sandwiches,"('2195 State Rd 16',)","('32084',)"
"('Taco Bell',)",mexican,"('2140 W International Speedway Blvd',)","('32114',)"
"(""Wendy's"",)",hotdogs,"('2120 Lpga Blvd',)","('32117',)"
"('WingHouse Bar & Grill',)",sportsbars,"('250 N Atlantic Ave',)","('32118',)"
"(""Chili's"",)",bars,"('2510 W International Speedway Blvd',)","('32114',)"
"('Checkers',)",burgers,"('575 W International Speedway Blvd',)","('32114',)"
"('Daytona Taproom',)",beerbar,"('310 Seabreeze Blvd',)","('32118',)"
"('Johnny Rockets',)",burgers,"('250 N Atlantic Ave',)","('32118',)"
"('Charleys Cheesesteaks and Wings',)",sandwiches,"('1101 Belville Rd',)","('32119',)"
"('Papa Johns Pizza',)",pizza,"('1506 South Nova Road',)","('32114',)"
"(""McDonald's"",)",hotdogs,"('151 Ridgewood Ave',)","('32117',)"
"(""McDonald's"",)",burgers,"('2994 US Hwy 92',)","('32124',)"
"(""Jimmy John's"",)",sandwiches,"('151 S Ridgewood Ave',)","('32114',)"
"('Burger King',)",burgers,"('225 N Atlantic Ave',)","('32118',)"
"('Brickyard Lounge and Grill',)",sportsbars,"('747 W International Speedway Blvd',)","('32114',)"
"('Taco Bell',)",mexican,"('1408 Beville Rd',)","('32114',)"
"('Burger King',)",burgers,"('1436 W International',)","('32114',)"
"('Rock Bottom Restaurant & Brewery',)",breweries,"('1864 Victory Circle Bldg K',)","('32114',)"
"('Honey Baked Ham Company',)",meats,"('345 Bill France Blvd',)","('32114',)"
"(""Jimmy John's"",)",delis,"('2258 W International Speedway Blvd',)","('32114',)"
"(""McDonald's"",)",hotdogs,"('1121 Beville Rd',)","('32119',)"
"('Hog Heaven Bar-B-Q',)",bbq,"('37 N Atlantic Ave',)","('32118',)"
"('KFC',)",hotdogs,"('948 Mason Ave',)","('32117',)"
"('Salsas Cocina Daytona Beach',)",mexican,"('1115 Cornerstone Blvd',)","('32117',)"
"('Java Moon Cafe',)",hotdogs,"('700 Catalina Dr',)","('32114',)"
"(""Arby's"",)",hotdogs,"('2453 W. INTERNATIONAL SPEEDWAY BLVD.',)","('32114',)"
"('Checkers',)",burgers,"('898 Nova Rd',)","('32117',)"
"('Circle K',)",convenience,"('1800 S Nova Rd',)","('32119',)"
"('Olive Garden Italian Restaurant',)",italian,"('1780 W International Speedway Blvd',)","('32114',)"
"('Pizza Hut',)",pizza,"('832 N Nova Rd',)","('32117',)"
"('Burger King',)",burgers,"('825 Nova Rd',)","('32117',)"
"('Burger King',)",burgers,"('112 N Ridgewood Ave',)","('32114',)"
"('Pizza Hut',)",pizza,"('1500 Beville Rd',)","('32114',)"
"(""Domino's Pizza"",)",pizza,"('211 N Atlantic Ave',)","('32118',)"
"(""Steve's Famous Diner"",)",burgers,"('1584 S Nova Rd',)","('32114',)"
"(""Jimmy John's"",)",sandwiches,"('3661 S Clyde Morris Blvd',)","('32129',)"
"(""McDonald's"",)",coffee,"('1101 Beville Rd',)","('32119',)"
"('Papa Johns Pizza',)",pizza,"('30 South Atlantic Avenue',)","('32118',)"
"('Mardi Gras Cafe Daytona',)",hotdog,"('250 N Atlantic Ave',)","('32118',)"
"(""Jersey Mike's Subs"",)",sandwiches,"('1808 W International Speedway Blvd',)","('32114',)"
"(""Church's Chicken"",)",chicken_wings,"('988-A E Orange Ave',)","('32114',)"
"(""Arby's"",)",hotdogs,"('1562 Outlet Blvd',)","('32117',)"
"('Checkers',)",burgers,"('898 Nova Rd',)","('32117',)"
"(""McDonald's"",)",coffee,"('1376 W International Speedway Blvd',)","('32114',)"
"(""Wendy's"",)",burgers,"('1444 International Speedway Bl',)","('32114',)"
"('Salsas Cocina Daytona Beach',)",mexican,"('1115 Cornerstone Blvd',)","('32117',)"
"('Houligans',)",pubs,"('1110 W Granada Blvd',)","('32174',)"
"('KFC',)",hotdogs,"('948 Mason Ave',)","('32117',)"
"('Pizza Hut',)",pizza,"('832 N Nova Rd',)","('32117',)"
"('Chipotle Mexican Grill',)",hotdogs,"('1425-A Cornerstone Blvd',)","('32117',)"
"('Burger King',)",burgers,"('825 Nova Rd',)","('32117',)"
"(""McDonald's"",)",hotdogs,"('100 S Nova Rd',)","('32174',)"
"('Papa Johns Pizza',)",pizza,"('1425 W Granada Blvd',)","('32174',)"
"('Rock Bottom Restaurant & Brewery',)",breweries,"('1864 Victory Circle Bldg K',)","('32114',)"
"(""Jimmy John's"",)",sandwiches,"('151 S Ridgewood Ave',)","('32114',)"
"('Brickyard Lounge and Grill',)",sportsbars,"('747 W International Speedway Blvd',)","('32114',)"
"('Don Peppers Mexican Grill  Cantina',)",mexican,"('794 S Atlantic Ave',)","('32176',)"
"('Burger King',)",burgers,"('1436 W International',)","('32114',)"
"(""Jersey Mike's Subs"",)",hotdogs,"('1425C Cornerstone Blvd',)","('32117',)"
"('Burger King',)",burgers,"('112 N Ridgewood Ave',)","('32114',)"
"('Honey Baked Ham Company',)",meats,"('345 Bill France Blvd',)","('32114',)"
"('Panera Bread',)",salad,"('1310 W Granada Blvd',)","('32174',)"
"(""Dimitri's Bar Deck and Grill"",)",greek,"('790 S Atlantic Ave',)","('32176',)"
"('Subway',)",sandwiches,"('1185 W Granada Blvd',)","('32174',)"
"('Olive Garden Italian Restaurant',)",italian,"('1780 W International Speedway Blvd',)","('32114',)"
"('A&W Restaurant',)",hotdogs,"('2156 Ridgewood Ave',)","('32119',)"
"(""Martini's Organic Restaurant"",)",seafood,"('1815 S Ridgewood Ave',)","('32119',)"
"('Papa Johns Pizza',)",pizza,"('1506 South Nova Road',)","('32114',)"
"('Brickyard Lounge and Grill',)",sportsbars,"('747 W International Speedway Blvd',)","('32114',)"
"('Charleys Cheesesteaks and Wings',)",sandwiches,"('1101 Belville Rd',)","('32119',)"
"('Pizza Hut',)",pizza,"('500 S Atlantic Ave',)","('32118',)"
"(""Domino's Pizza"",)",pizza,"('211 N Atlantic Ave',)","('32118',)"
"(""McDonald's"",)",hotdogs,"('1121 Beville Rd',)","('32119',)"
"(""Joe's Crab Shack"",)",seafood,"('1200 Main St',)","('32118',)"
"('Papa Johns Pizza',)",pizza,"('30 South Atlantic Avenue',)","('32118',)"
"('Burger King',)",burgers,"('112 N Ridgewood Ave',)","('32114',)"
"('Circle K',)",convenience,"('1800 S Nova Rd',)","('32119',)"
"('Taco Bell',)",mexican,"('1408 Beville Rd',)","('32114',)"
"(""McDonald's"",)",coffee,"('1101 Beville Rd',)","('32119',)"
"('Mardi Gras Cafe Daytona',)",hotdog,"('250 N Atlantic Ave',)","('32118',)"
"(""Steve's Famous Diner"",)",burgers,"('1584 S Nova Rd',)","('32114',)"
"('Pizza Hut',)",pizza,"('1500 Beville Rd',)","('32114',)"
"('Subway',)",sandwiches,"('3174 S Atlantic Ave E',)","('32118',)"
"('Metro Diner',)",tradamerican,"('1702 W International Speedway Blvd',)","('32114',)"
"('A&W Restaurant',)",hotdogs,"('2156 Ridgewood Ave',)","('32119',)"
"(""McDonald's"",)",burgers,"('3816 S Nova Rd',)","('32127',)"
"(""McDonald's"",)",hotdogs,"('3802 Clyde Morris Blvd',)","('32119',)"
"(""Ritter's Frozen Custard"",)",icecream,"('4629 S Clyde Morris Blvd',)","('32129',)"
"('Burger King',)",burgers,"('3811 Nova Rd',)","('32127',)"
"(""Martini's Organic Restaurant"",)",seafood,"('1815 S Ridgewood Ave',)","('32119',)"
"('Monterey Grill',)",newamerican,"('1665 Dunlawton Ave',)","('32127',)"
"(""Wendy's"",)",burgers,"('900 Dunlawton Blvd',)","('32127',)"
"(""Aunt Catfish's"",)",southern,"('4009 Halifax Dr',)","('32127',)"
"(""Wendy's"",)",burgers,"('1444 International Speedway Bl',)","('32114',)"
"(""Dustin's Bar-B-Q"",)",bbq,"('4908 Clyde Morris Blvd',)","('32129',)"
"('Pizza Hut',)",pizza,"('1500 Beville Rd',)","('32114',)"
"(""McDonald's"",)",coffee,"('1376 W International Speedway Blvd',)","('32114',)"
"(""McDonald's"",)",coffee,"('1101 Beville Rd',)","('32119',)"
"(""Steve's Famous Diner"",)",burgers,"('1584 S Nova Rd',)","('32114',)"
"(""Auntie Anne's"",)",pretzels,"('1590 Dunlawton Ave',)","('32127',)"
"('Burger King',)",burgers,"('1436 W International',)","('32114',)"
"(""McKenna's Place"",)",seafood,"('3781 S Nova Rd',)","('32129',)"
"('Rock Bottom Restaurant & Brewery',)",breweries,"('1864 Victory Circle Bldg K',)","('32114',)"
"('Honey Baked Ham Company',)",meats,"('345 Bill France Blvd',)","('32114',)"
"('Java Moon Cafe',)",hotdogs,"('700 Catalina Dr',)","('32114',)"
"('Subway',)",sandwiches,"('3781 N Nova Rd',)","('32129',)"
"('Olive Garden Italian Restaurant',)",italian,"('1780 W International Speedway Blvd',)","('32114',)"
"(""McDonald's"",)",burgers,"('1676 Taylor Rd',)","('32128',)"
"('Circle K',)",convenience,"('3664 S Nova Rd',)","('32129',)"
"('Waffle House',)",breakfast_brunch,"('3200 S Atlantic Ave',)","('32118',)"
"(""Dustin's Bar-B-Q"",)",bbq,"('4908 Clyde Morris Blvd',)","('32129',)"
"(""Wendy's"",)",burgers,"('900 Dunlawton Blvd',)","('32127',)"
"('Dairy Queen',)",hotdogs,"('3817 Clyde Morris Blvd',)","('32129',)"
"('Our Deck Down Under',)",seafood,"('78 Dunlawton Ave',)","('32127',)"
"('The Cracked Egg',)",diners,"('3280 S Atlantic Ave',)","('32118',)"
"(""Long John Silver's"",)",seafood,"('2156 Ridgewood Ave',)","('32119',)"
"('Firehouse Subs',)",sandwiches,"('1844 S Ridgewood Ave',)","('32119',)"
"('Papa Johns Pizza',)",pizza,"('1760 Dunlawton Ave',)","('32127',)"
"(""Aunt Catfish's"",)",southern,"('4009 Halifax Dr',)","('32127',)"
"('Olive Garden Italian Restaurant',)",italian,"('5447 S Williamson Blvd',)","('32129',)"
"(""Jimmy John's"",)",sandwiches,"('3661 S Clyde Morris Blvd',)","('32129',)"
"(""Wendy's"",)",burgers,"('1959 S. Ridgewood Ave.',)","('32119',)"
"('Charleys Cheesesteaks and Wings',)",sandwiches,"('1101 Belville Rd',)","('32119',)"
"(""McKenna's Place"",)",seafood,"('3781 S Nova Rd',)","('32129',)"
"('Dairy Bar',)",icecream,"('55 Dunlawton Ave',)","('32127',)"
"('Papa Johns Pizza',)",pizza,"('1506 South Nova Road',)","('32114',)"
"('Taco Bell',)",mexican,"('1408 Beville Rd',)","('32114',)"
"(""Martini's Organic Restaurant"",)",seafood,"('1815 S Ridgewood Ave',)","('32119',)"
"(""McDonald's"",)",hotdogs,"('3802 Clyde Morris Blvd',)","('32119',)"
"(""Auntie Anne's"",)",pretzels,"('1590 Dunlawton Ave',)","('32127',)"
"('Circle K',)",convenience,"('1800 S Nova Rd',)","('32119',)"
"('A&W Restaurant',)",hotdogs,"('2156 Ridgewood Ave',)","('32119',)"
"(""Arby's"",)",hotdogs,"('1800 S Ridgewood Ave',)","('32119',)"
"(""McDonald's"",)",hotdogs,"('1121 Beville Rd',)","('32119',)"
"(""Culver's"",)",burgers,"('1744 Dunlawton Ave',)","('32127',)"
"('Subway',)",sandwiches,"('3781 N Nova Rd',)","('32129',)"
"(""McDonald's"",)",coffee,"('1101 Beville Rd',)","('32119',)"
"(""Steve's Famous Diner"",)",burgers,"('1584 S Nova Rd',)","('32114',)"
"('Pizza Hut',)",pizza,"('1500 Beville Rd',)","('32114',)"
"('Subway',)",sandwiches,"('3174 S Atlantic Ave E',)","('32118',)"
"('Goal Post Sandwich Shop',)",delis,"('3984 Herschel St',)","('32205',)"
"(""Wendy's"",)",burgers,"('2001 San Juan Ave',)","('32202',)"
"('Biscottis',)",tradamerican,"(""3556 St John's Ave"",)","('32205',)"
"(""Hardee's"",)",hotdogs,"('6852 Wilson Ave',)","('32210',)"
"('Hazelnut Grill',)",burgers,"(None,)","('32205',)"
"('Pizza Hut',)",pizza,"('940 Cassat Ave',)","('32205',)"
"('Super Wings & Philly',)",chicken_wings,"('6855 Wilson Blvd',)","('32210',)"
"(""Hardee's"",)",burgers,"('873 Lane Ave S',)","('32205',)"
"('Burger King',)",burgers,"('6785 Commonwealth Ave',)","('32254',)"
"('Tasty Seafood Chicken & Subs',)",sandwiches,"('1965 Lane Ave S',)","('32210',)"
"('Papa Johns Pizza',)",pizza,"('7200 Normandy Blvd',)","('32205',)"
"(""Captain D's"",)",seafood,"('6550 Normandy Blvd',)","('32205',)"
"(""McDonald's"",)",coffee,"('6546 Normandy Blvd',)","('32205',)"
"('Luna Food Store',)",hotdogs,"('511 Luna St',)","('32254',)"
"(""Wendy's"",)",burgers,"('7027 Commonwealth Avenue',)","('32220',)"
"(""Bono's Bar-B-Q"",)",bbq,"('705 Lane Ave S',)","('32205',)"
"('Subway',)",hotdogs,"('3 Shircliff Way',)","('32204',)"
"(""Wendy's"",)",hotdogs,"('7211 Normandy Blvd',)","('32205',)"
"('Burger King',)",burgers,"('637 N Edgewood Ave',)","('32254',)"
"(""Captain D's"",)",seafood,"('904 Edgewood Ave N',)","('32254',)"
"('Popeyes Louisiana Kitchen',)",hotdogs,"('656 Edgewood Ave N',)","('32254',)"
"('China Joy 81',)",chinese,"('1650 Margaret St',)","('32204',)"
"(""McDonald's"",)",hotdogs,"('3552 Blanding Blvd',)","('32210',)"
"(""McDonald's"",)",coffee,"('6830 Normandy Blvd',)","('32205',)"
"('Burger King',)",burgers,"('4408 Blanding Blvd',)","('32210',)"
"('Pizza Hut',)",pizza,"('1020 N Edgewood Ave',)","('32254',)"
"('Wawa',)",coffee,"('6787 Wilson Blvd',)","('32210',)"
"(""Wendy's"",)",hotdogs,"('3624 Firestone Rd',)","('32210',)"
"('Papa Johns Pizza',)",pizza,"('1650 Margaret St',)","('32204',)"
"('Subway',)",sandwiches,"('6842 Wilson Blvd',)","('32210',)"
"(""McDonald's"",)",burgers,"('3750 W University Blvd',)","('32217',)"
"(""Wendy's"",)",hotdogs,"('1616 University Blvd S',)","('32216',)"
"('Mr. Taco',)",tex-mex,"('6426 Bowden Rd',)","('32216',)"
"(""McDonald's"",)",hotdogs,"('7116 Bonneval Rd',)","('32256',)"
"('Jenkins Quality Barbecue - Downtown',)",bbq,"('830 N Pearl St',)","('32202',)"
"('Papa Johns Pizza',)",pizza,"('3801 University Blvd W',)","('32216',)"
"('Chick- Fil- A',)",hotdogs,"('3814 University Blvd W',)","('32217',)"
"('Firehouse Subs',)",hotdogs,"('1620 Margaret Sr',)","('32204',)"
"('Hurricane Grill & Wings',)",chicken_wings,"('1615 Hendricks Ave',)","('32207',)"
"('Quiznos',)",hotdogs,"('4324 Atlantic Blvd',)","('32207',)"
"('Zoes Kitchen',)",greek,"('90 Riverside Ave',)","('32202',)"
"('Burger King',)",burgers,"('4948 University Blvd W',)","('32216',)"
"(""Jimmy John's"",)",sandwiches,"('630 Park St',)","('32204',)"
"('River & Post',)",lounges,"('1000 Riverside Ave',)","('32204',)"
"('Pizza Hut',)",pizza,"('1630 San Marco Blvd',)","('32207',)"
"('Village Bread Café',)",delis,"('4073 Phillips Hwy',)","('32207',)"
"(""Juliette's Bistro"",)",tradamerican,"('245 Water St',)","('32202',)"
"('Firehouse Subs',)",sandwiches,"('4347-1 University Blvd',)","('32216',)"
"(""Pepe's Hacienda & Restaurant"",)",mexican,"('3615 Dupont Ave',)","('32217',)"
"('Sandwich Palace & Subs',)",sandwiches,"('2940 University Blvd W',)","('32217',)"
"('Subway',)",sandwiches,"('1345 San Marco Blvd',)","('32207',)"
"('Subway',)",sandwiches,"('3428-2 Beach Blvd',)","('32207',)"
"(""McDonald's"",)",hotdogs,"('1001 N University Blvd',)","('32211',)"
"(""Woody's Bar-B-Q"",)",bbq,"('5930 Powers Ave',)","('32217',)"
"('Tunis Seafood, Wings & Subs',)",seafood,"('4309 University Blvd S',)","('32216',)"
"(""Woody's Bar-B-Q"",)",bbq,"('1638 University Blvd S',)","('32216',)"
"('China Joy 81',)",chinese,"('1650 Margaret St',)","('32204',)"
"('Pizza Hut',)",pizza,"('5844 Atlantic Blvd',)","('32207',)"
"('Papa Johns Pizza',)",pizza,"('1650 Margaret St',)","('32204',)"
"('Quiznos',)",hotdogs,"('101 W State St',)","('32202',)"
"(""Arby's"",)",hotdogs,"('5081 J TURNER BUTLER BLVD.',)","('32216',)"
"('Waffle House',)",diners,"('5067 J Turner Butler Blvd',)","('32216',)"
"('First Watch',)",breakfast_brunch,"('192 Riverside Ave',)","('32202',)"
"('Luna Food Store',)",hotdogs,"('511 Luna St',)","('32254',)"
"('Popeyes Louisiana Kitchen',)",hotdogs,"('656 Edgewood Ave N',)","('32254',)"
"('Uptown Kitchen & Bar',)",breakfast_brunch,"('1303 N Main St',)","('32206',)"
"('Hook and Catch',)",seafood,"('3609 N Main St',)","('32206',)"
"('Quiznos',)",hotdogs,"('101 W State St',)","('32202',)"
"('First Watch',)",breakfast_brunch,"('192 Riverside Ave',)","('32202',)"
"('KFC',)",chicken_wings,"('8033 Normandy Blvd',)","('32221',)"
"(""Captain D's"",)",seafood,"('6740 103rd St',)","('32210',)"
"(""Wendy's"",)",burgers,"('6238 103Rd Street',)","('32210',)"
"('Circle K',)",servicestations,"('4856 Park St',)","('32205',)"
"(""McDonald's"",)",hotdogs,"('6767 103rd St',)","('32210',)"
"('KFC',)",hotdogs,"('1007 Lane Ave S',)","('32205',)"
"('Biscottis',)",tradamerican,"(""3556 St John's Ave"",)","('32205',)"
"('Taco Bell',)",mexican,"('7331 103rd Street',)","('32210',)"
"('Papa Johns Pizza',)",pizza,"('7200 Normandy Blvd',)","('32205',)"
"(""Larry's Giant Subs"",)",sandwiches,"('7895 Normandy Blvd',)","('32221',)"
"(""Wendy's"",)",hotdogs,"('7211 Normandy Blvd',)","('32205',)"
"(""Wendy's"",)",burgers,"('2001 San Juan Ave',)","('32202',)"
"('IHOP',)",breakfast_brunch,"('7940 103rd St',)","('32210',)"
"(""Hardee's"",)",burgers,"('873 Lane Ave S',)","('32205',)"
"('The Stout Snug',)",pubs,"('1190 Edgewood Ave S',)","('32205',)"
"('Subway',)",sandwiches,"('6842 Wilson Blvd',)","('32210',)"
"('Pizza Hut',)",pizza,"('7939 Normandy Blvd',)","('32221',)"
"(""Captain D's"",)",seafood,"('6550 Normandy Blvd',)","('32205',)"
"(""McDonald's"",)",coffee,"('6830 Normandy Blvd',)","('32205',)"
"(""McDonald's"",)",coffee,"('6546 Normandy Blvd',)","('32205',)"
"('Goal Post Sandwich Shop',)",delis,"('3984 Herschel St',)","('32205',)"
"(""McDonald's"",)",hotdogs,"('8029 Normandy Blvd',)","('32221',)"
"('Hazelnut Grill',)",burgers,"(None,)","('32205',)"
"('Pizza Hut',)",pizza,"('940 Cassat Ave',)","('32205',)"
"(""Church's Chicken"",)",chicken_wings,"('6037 Merrill Rd',)","('32277',)"
"(""McDonald's"",)",hotdogs,"('7245 Merrill Rd',)","('32277',)"
"(""Moe's Southwest Grill"",)",mexican,"('9301 Atlantic Blvd',)","('32225',)"
"('Pizza Hut',)",pizza,"('5844 Atlantic Blvd',)","('32207',)"
"('Secret Garden Cafe',)",cafes,"('10095 Beach Blvd',)","('32246',)"
"(""Auntie Anne's"",)",hotdogs,"('9501 Arlington Expy',)","('32225',)"
"('Ruby Tuesday',)",tradamerican,"('1022 Hospitality Lane',)","('32225',)"
"('The Sheik',)",hotdogs,"('8151 Beach Blvd',)","('32216',)"
"('Circle K',)",convenience,"('8837 Beach Blvd',)","('32216',)"
"('Quiznos',)",hotdogs,"('4324 Atlantic Blvd',)","('32207',)"
"(""Miller's Ale House"",)",tradamerican,"('9541 Regency Square Blvd',)","('32225',)"
"('Panera Bread',)",sandwiches,"('9301 Atlantic Blvd',)","('32225',)"
"('Olive Garden Italian Restaurant',)",italian,"('9465 Atlantic Blvd',)","('32225',)"
"('Ole Mexican Restaurant',)",mexican,"('9921 Atlantic Blvd',)","('32225',)"
"('Subway',)",sandwiches,"('3428-2 Beach Blvd',)","('32207',)"
"(""Captain D's"",)",seafood,"('7916 Atlantic Blvd',)","('32211',)"
"(""Jersey Mike's Subs"",)",sandwiches,"('3541-1 University Blvd W',)","('32217',)"
"('Circle K',)",convenience,"('4024 Southside Blvd',)","('32216',)"
"('Secret Garden Cafe',)",cafes,"('10095 Beach Blvd',)","('32246',)"
"('Circle K',)",convenience,"('8837 Beach Blvd',)","('32216',)"
"('Adams Sandwich Shoppe',)",breakfast_brunch,"('6071 St Augustine Rd',)","('32217',)"
"('Papa Johns Pizza',)",pizza,"('3801 University Blvd W',)","('32216',)"
"(""A & D Buffalo's"",)",hotdogs,"('9501 Arlington Expy',)","('32225',)"
"('Popeyes Louisiana Kitchen',)",hotdogs,"('7507 Atlantic Blvd',)","('32211',)"
"(""McDonald's"",)",burgers,"('9841 Atlantic Blvd',)","('32225',)"
"('The Red Gill Bistro',)",tradamerican,"('4660 Salisbury Rd',)","('32256',)"
"('Burger King',)",burgers,"('4948 University Blvd W',)","('32216',)"
"(""Arby's"",)",hotdogs,"('9361 Atlantic Blvd',)","('32225',)"
"('Burger King',)",burgers,"('4339 Southside Blvd',)","('32216',)"
"('Chick- Fil- A',)",hotdogs,"('3814 University Blvd W',)","('32217',)"
"(""McDonald's"",)",burgers,"('3750 W University Blvd',)","('32217',)"
"(""Woody's Bar-B-Q"",)",bbq,"('1638 University Blvd S',)","('32216',)"
"(""Jersey Mike's Subs"",)",sandwiches,"('9700 Deer Lake Ct',)","('32246',)"
"(""Miller's Ale House"",)",sportsbars,"('9711 Deer Lake Ct',)","('32246',)"
"('Sandwich Palace & Subs',)",sandwiches,"('2940 University Blvd W',)","('32217',)"
"('Papa Johns Pizza',)",pizza,"('4275 Southside Blvd',)","('32216',)"
"('Pizza Hut',)",pizza,"('5844 Atlantic Blvd',)","('32207',)"
"('Wingstop',)",chicken_wings,"('9416 Arlington Expy',)","('32225',)"
"(""Woody's Bar-B-Q"",)",bbq,"('5930 Powers Ave',)","('32217',)"
"(""Pepe's Hacienda & Restaurant"",)",mexican,"('3615 Dupont Ave',)","('32217',)"
"('Another Broken Egg Cafe',)",breakfast_brunch,"('4828 Deer Lake Dr W',)","('32246',)"
"('Tropical Smoothie Cafe',)",sandwiches,"('7159 Phillips Hwy',)","('32256',)"
"(""Arby's"",)",hotdogs,"('5081 J TURNER BUTLER BLVD.',)","('32216',)"
"('Waffle House',)",diners,"('5067 J Turner Butler Blvd',)","('32216',)"
"(""Jimmy John's"",)",sandwiches,"('9823 Tapestry Park Cir',)","('32246',)"
"(""Moe's Southwest Grill"",)",mexican,"('9301 Atlantic Blvd',)","('32225',)"
"('Quiznos',)",hotdogs,"('4324 Atlantic Blvd',)","('32207',)"
"(""Auntie Anne's"",)",hotdogs,"('9501 Arlington Expy',)","('32225',)"
"('Subway',)",sandwiches,"('3428-2 Beach Blvd',)","('32207',)"
"('Village Bread Café',)",delis,"('4073 Phillips Hwy',)","('32207',)"
"('Panera Bread',)",sandwiches,"('9301 Atlantic Blvd',)","('32225',)"
"('Olive Garden Italian Restaurant',)",italian,"('9465 Atlantic Blvd',)","('32225',)"
"('Ole Mexican Restaurant',)",mexican,"('9921 Atlantic Blvd',)","('32225',)"
"('Tunis Wings and Subs',)",chicken_wings,"('2011 Emerson St',)","('32207',)"
"('Waffle House',)",diners,"('5067 J Turner Butler Blvd',)","('32216',)"
"('Firehouse Subs',)",sandwiches,"('9825 San Jose Blvd',)","('32257',)"
"('Tropical Smoothie Cafe',)",sandwiches,"('7159 Phillips Hwy',)","('32256',)"
"('Tunis Seafood, Wings & Subs',)",seafood,"('4309 University Blvd S',)","('32216',)"
"('Village Bread Café',)",delis,"('4073 Phillips Hwy',)","('32207',)"
"(""Al's Pizza"",)",pizza,"('8060 Philips Hwy',)","('32256',)"
"(""McDonald's"",)",burgers,"('9841 Atlantic Blvd',)","('32225',)"
"(""A & D Buffalo's"",)",hotdogs,"('9501 Arlington Expy',)","('32225',)"
"('Firehouse Subs',)",sandwiches,"('13470 Beach Blvd',)","('32224',)"
"('Secret Garden Cafe',)",cafes,"('10095 Beach Blvd',)","('32246',)"
"('Burger King',)",burgers,"('13404 Sutton Park Dr S',)","('32224',)"
"('The Loop Pizza Grill',)",tradamerican,"('4413 Town Center Pkwy N',)","('32246',)"
"('KFC',)",hotdogs,"('9551 Regency Square Blvd N',)","('32225',)"
"('Waffle House',)",breakfast_brunch,"('10401 Atlantic Blvd',)","('32225',)"
"(""Chili's"",)",bars,"('12987 Atlantic Blvd',)","('32225',)"
"('Circle K',)",servicestations,"('12743 Atlantic Blvd',)","('32225',)"
"('Burger King',)",burgers,"('250 Monument Rd',)","('32225',)"
"(""Bruster's Real Ice Cream"",)",icecream,"('12224 Atlantic Blvd',)","('32225',)"
"(""BJ's Restaurant & Brewhouse"",)",pizza,"('4907 Gate Pkwy',)","('32246',)"
"('Pita Pit',)",hotdogs,"('1 Unf Dr',)","('32224',)"
"('Papa Johns Pizza',)",pizza,"('10750 Atlantic Blvd',)","('32225',)"
"(""Auntie Anne's"",)",hotdogs,"('9501 Arlington Expy',)","('32225',)"
"('Cantina Laredo',)",mexican,"('10282 Bistro St',)","('32246',)"
"(""Auntie Anne's"",)",pretzels,"('10337 Midtown Pkwy',)","('32246',)"
"(""Cheddar's Scratch Kitchen"",)",tradamerican,"('4954 Town Center Pkwy',)","('32246',)"
"('Panda Express',)",chinese,"('1 Unf Dr. Bldg#58',)","('32224',)"
"('Ruby Tuesday',)",burgers,"('4784 Windsor Commons Court',)","('32224',)"
"(""Chuy's"",)",tex-mex,"('4914 Town Center Pkwy',)","('32246',)"
"(""Dagwood's Food Truck"",)",foodtrucks,"('10550 Deerwood Park Blvd',)","('32256',)"
"('The Cheesecake Factory - Jacksonville',)",tradamerican,"('10260 Midtown Pkwy',)","('32246',)"
"('Tropical Smoothie Cafe',)",juicebars,"('4765 Hodges Blvd',)","('32224',)"
"('Olive Garden Italian Restaurant',)",italian,"('9465 Atlantic Blvd',)","('32225',)"
"('Ole Mexican Restaurant',)",mexican,"('9921 Atlantic Blvd',)","('32225',)"
"(""Miller's Ale House"",)",tradamerican,"('9541 Regency Square Blvd',)","('32225',)"
"(""Denny's"",)",tradamerican,"('13874 Beach Blvd',)","('32224',)"
"(""McDonald's"",)",hotdogs,"('13217 Atlantic Blvd',)","('32225',)"
"('Circle K',)",convenience,"('13697 Beach Blvd',)","('32224',)"
"('Pizza Hut',)",pizza,"('815 Atlantic Blvd',)","('32233',)"
"(""Ellen's Kitchen"",)",diners,"('241 3rd St',)","('32266',)"
"('Papa Johns Pizza',)",pizza,"('240 A1a N',)","('32082',)"
"('Bagels R US',)",bagels,"('14185 Beach Blvd',)","('32224',)"
"('Que Pasa Mex',)",mexican,"('1704 N 3rd St',)","('32250',)"
"(""JJ's Bistro"",)",french,"('330 A1A N',)","('32082',)"
"('Firehouse Subs',)",hotdogs,"('13245-9 Atlantic Blvd',)","('32225',)"
"('Pizza Hut',)",pizza,"('13799 Beach Blvd',)","('32224',)"
"('Casa Maria',)",mexican,"('2429 3rd St S',)","('32250',)"
"('The Lemon Bar',)",tradamerican,"('2 Lemon St',)","('32266',)"
"('RagTime Tavern, Seafood & Grille',)",bars,"('207 Atlantic Blvd',)","('32233',)"
"('Panera Bread',)",salad,"('13201 Atlantic Blvd',)","('32225',)"
"('El Patron Mexican Grille & Cantina',)",mexican,"('1170 Apalachee Pkwy',)","('32301',)"
"(""Jersey Mike's Subs"",)",sandwiches,"('3122 Mahan Dr',)","('32308',)"
"('Taco Bell',)",hotdogs,"('2806 S Monroe',)","('32301',)"
"('Olive Garden Italian Restaurant',)",italian,"('1103 Apalachee Pkwy',)","('32301',)"
"('Burger King',)",burgers,"('3107 E',)","('32308',)"
"('Canopy Road Cafe',)",breakfast_brunch,"('1779 Apalachee Pkwy',)","('32301',)"
"(""McDonald's"",)",hotdogs,"('3562 Blairstone Rd',)","('32301',)"
"('Chick-fil-A',)",hotdogs,"('127 Annex Building Honors Way',)","('32306',)"
"('Circle K',)",servicestations,"('2037 Thomasville Rd',)","('32308',)"
"('World of Beer',)",tradamerican,"('830 E Lafayette St',)","('32301',)"
"(""Jersey Mike's Subs"",)",sandwiches,"('1970 Gainesborough Dr',)","('32311',)"
"('Papa Johns Pizza',)",pizza,"('1818 N. Monroe Street',)","('32303',)"
"(""Hardee's"",)",hotdogs,"('1829 Capital Cir NE',)","('32308',)"
"('Burger King',)",hotdogs,"('2626 S Monroe St',)","('32301',)"
"(""McDonald's"",)",burgers,"('1944 N Monroe St',)","('32303',)"
"('Burger King',)",burgers,"('1301 E Park Ave',)","('32301',)"
"('Pizza Hut',)",pizza,"('3220 Apalachee Pkwy',)","('32311',)"
"('Burger King',)",burgers,"('1060 W Tennessee St',)","('32304',)"
"(""Moe's Southwest Grill"",)",mexican,"('1583 Apalachee Pkwy',)","('32301',)"
"(""Hardee's"",)",hotdogs,"('1942 N Monroe St',)","('32303',)"
"(""Jimmy John's"",)",sandwiches,"('1080 West Tennessee St',)","('32304',)"
"(""McDonald's"",)",burgers,"('2800 S Monroe St',)","('32301',)"
"('Chick-fil-A',)",hotdogs,"('1510 Wahnish Way',)","('32307',)"
"('Sugar Rush Bar',)",desserts,"('414 All Saints St',)","('32301',)"
"('Circle K',)",convenience,"('1848 Capital Cr Ne',)","('32308',)"
"(""Miller's Ale House"",)",tradamerican,"('722 Apalachee Pkwy',)","('32301',)"
"(""Pepper's Mexican Grill and Cantina"",)",mexican,"('1140 Capital Cir SE',)","('32301',)"
"('Tropical Smoothie Cafe',)",juicebars,"('209 N Magnolia',)","('32301',)"
"(""Domino's Pizza"",)",pizza,"('1519 Capital Cir NE',)","('32308',)"
"('Cinco De Mayo Mexican Restaurant',)",mexican,"('3550 Mahan Dr',)","('32308',)"
"(""McDonald's"",)",hotdogs,"('3631 Mahan Dr',)","('32308',)"
"('Hopkins Eatery',)",sandwiches,"('1660 N Monroe St',)","('32303',)"
"(""Captain Pete's House of Gyros"",)",greek,"('1184 Capital Cir NE',)","('32301',)"
"(""Hungry Howie's Pizza & Subs"",)",pizza,"('131 E Orange Ave',)","('32301',)"
"(""Jimmy John's"",)",hotdogs,"('1704 Capital Cir NE',)","('32308',)"
"('4th Quarter',)",tradamerican,"('2033 N Monroe St',)","('32303',)"
"('Subway',)",sandwiches,"('411 N Magnolia Dr',)","('32308',)"
"(""Bruegger's Bagels"",)",sandwiches,"('1216 N Monroe St',)","('32303',)"
